x,y,z,oxygen,glucose
-490.0,-490.0,10.0,0.05,85.0
-470.0,-490.0,10.0,0.05,85.0
-450.0,-490.0,10.0,0.05,85.0
-430.0,-490.0,10.0,0.05,85.0
-410.0,-490.0,10.0,0.05,85.0
-390.0,-490.0,10.0,0.05,85.0
-370.0,-490.0,10.0,0.05,85.0
-350.0,-490.0,10.0,0.05,85.0
-330.0,-490.0,10.0,0.05,85.0
-310.0,-490.0,10.0,0.05,85.0
-290.0,-490.0,10.0,0.05,85.0
-270.0,-490.0,10.0,0.05,85.0
-250.0,-490.0,10.0,0.05,85.0
-230.0,-490.0,10.0,0.05,85.0
-210.0,-490.0,10.0,0.05,85.0
-190.0,-490.0,10.0,0.05,85.0
-170.0,-490.0,10.0,0.05,85.0
-150.0,-490.0,10.0,0.05,85.0
-130.0,-490.0,10.0,0.05,85.0
-110.0,-490.0,10.0,0.05,85.0
-90.0,-490.0,10.0,0.05,85.0
-70.0,-490.0,10.0,0.05,85.0
-50.0,-490.0,10.0,0.05,85.0
-30.0,-490.0,10.0,0.05,85.0
-10.0,-490.0,10.0,0.05,85.0
10.0,-490.0,10.0,0.05,85.0
30.0,-490.0,10.0,0.05,85.0
50.0,-490.0,10.0,0.05,85.0
70.0,-490.0,10.0,0.05,85.0
90.0,-490.0,10.0,0.05,85.0
110.0,-490.0,10.0,0.05,85.0
130.0,-490.0,10.0,0.05,85.0
150.0,-490.0,10.0,0.05,85.0
170.0,-490.0,10.0,0.05,85.0
190.0,-490.0,10.0,0.05,85.0
210.0,-490.0,10.0,0.05,85.0
230.0,-490.0,10.0,0.05,85.0
250.0,-490.0,10.0,0.05,85.0
270.0,-490.0,10.0,0.05,85.0
290.0,-490.0,10.0,0.05,85.0
310.0,-490.0,10.0,0.05,85.0
330.0,-490.0,10.0,0.05,85.0
350.0,-490.0,10.0,0.05,85.0
370.0,-490.0,10.0,0.05,85.0
390.0,-490.0,10.0,0.05,85.0
410.0,-490.0,10.0,0.05,85.0
430.0,-490.0,10.0,0.05,85.0
450.0,-490.0,10.0,0.05,85.0
470.0,-490.0,10.0,0.05,85.0
490.0,-490.0,10.0,0.05,85.0
-490.0,-470.0,10.0,0.05,85.0
-470.0,-470.0,10.0,0.05,85.0
-450.0,-470.0,10.0,0.05,85.0
-430.0,-470.0,10.0,0.05,85.0
-410.0,-470.0,10.0,0.05,85.0
-390.0,-470.0,10.0,0.05,85.0
-370.0,-470.0,10.0,0.05,85.0
-350.0,-470.0,10.0,0.05,85.0
-330.0,-470.0,10.0,0.05,85.0
-310.0,-470.0,10.0,0.05,85.0
-290.0,-470.0,10.0,0.05,85.0
-270.0,-470.0,10.0,0.05,85.0
-250.0,-470.0,10.0,0.05,85.0
-230.0,-470.0,10.0,0.05,85.0
-210.0,-470.0,10.0,0.05,85.0
-190.0,-470.0,10.0,0.05,85.0
-170.0,-470.0,10.0,0.05,85.0
-150.0,-470.0,10.0,0.05,85.0
-130.0,-470.0,10.0,0.05,85.0
-110.0,-470.0,10.0,0.05,85.0
-90.0,-470.0,10.0,0.05,85.0
-70.0,-470.0,10.0,0.05,85.0
-50.0,-470.0,10.0,0.05,85.0
-30.0,-470.0,10.0,0.05,85.0
-10.0,-470.0,10.0,0.05,85.0
10.0,-470.0,10.0,0.05,85.0
30.0,-470.0,10.0,0.05,85.0
50.0,-470.0,10.0,0.05,85.0
70.0,-470.0,10.0,0.05,85.0
90.0,-470.0,10.0,0.05,85.0
110.0,-470.0,10.0,0.05,85.0
130.0,-470.0,10.0,0.05,85.0
150.0,-470.0,10.0,0.05,85.0
170.0,-470.0,10.0,0.05,85.0
190.0,-470.0,10.0,0.05,85.0
210.0,-470.0,10.0,0.05,85.0
230.0,-470.0,10.0,0.05,85.0
250.0,-470.0,10.0,0.05,85.0
270.0,-470.0,10.0,0.05,85.0
290.0,-470.0,10.0,0.05,85.0
310.0,-470.0,10.0,0.05,85.0
330.0,-470.0,10.0,0.05,85.0
350.0,-470.0,10.0,0.05,85.0
370.0,-470.0,10.0,0.05,85.0
390.0,-470.0,10.0,0.05,85.0
410.0,-470.0,10.0,0.05,85.0
430.0,-470.0,10.0,0.05,85.0
450.0,-470.0,10.0,0.05,85.0
470.0,-470.0,10.0,0.05,85.0
490.0,-470.0,10.0,0.05,85.0
-490.0,-450.0,10.0,0.05,85.0
-470.0,-450.0,10.0,0.05,85.0
-450.0,-450.0,10.0,0.05,85.0
-430.0,-450.0,10.0,0.05,85.0
-410.0,-450.0,10.0,0.05,85.0
-390.0,-450.0,10.0,0.05,85.0
-370.0,-450.0,10.0,0.05,85.0
-350.0,-450.0,10.0,0.05,85.0
-330.0,-450.0,10.0,0.05,85.0
-310.0,-450.0,10.0,0.05,85.0
-290.0,-450.0,10.0,0.05,85.0
-270.0,-450.0,10.0,0.05,85.0
-250.0,-450.0,10.0,0.05,85.0
-230.0,-450.0,10.0,0.05,85.0
-210.0,-450.0,10.0,0.05,85.0
-190.0,-450.0,10.0,0.05,85.0
-170.0,-450.0,10.0,0.05,85.0
-150.0,-450.0,10.0,0.05,85.0
-130.0,-450.0,10.0,0.05,85.0
-110.0,-450.0,10.0,0.05,85.0
-90.0,-450.0,10.0,0.05,85.0
-70.0,-450.0,10.0,0.05,85.0
-50.0,-450.0,10.0,0.05,85.0
-30.0,-450.0,10.0,0.05,85.0
-10.0,-450.0,10.0,0.05,85.0
10.0,-450.0,10.0,0.05,85.0
30.0,-450.0,10.0,0.05,85.0
50.0,-450.0,10.0,0.05,85.0
70.0,-450.0,10.0,0.05,85.0
90.0,-450.0,10.0,0.05,85.0
110.0,-450.0,10.0,0.05,85.0
130.0,-450.0,10.0,0.05,85.0
150.0,-450.0,10.0,0.05,85.0
170.0,-450.0,10.0,0.05,85.0
190.0,-450.0,10.0,0.05,85.0
210.0,-450.0,10.0,0.05,85.0
230.0,-450.0,10.0,0.05,85.0
250.0,-450.0,10.0,0.05,85.0
270.0,-450.0,10.0,0.05,85.0
290.0,-450.0,10.0,0.05,85.0
310.0,-450.0,10.0,0.05,85.0
330.0,-450.0,10.0,0.05,85.0
350.0,-450.0,10.0,0.05,85.0
370.0,-450.0,10.0,0.05,85.0
390.0,-450.0,10.0,0.05,85.0
410.0,-450.0,10.0,0.05,85.0
430.0,-450.0,10.0,0.05,85.0
450.0,-450.0,10.0,0.05,85.0
470.0,-450.0,10.0,0.05,85.0
490.0,-450.0,10.0,0.05,85.0
-490.0,-430.0,10.0,0.05,85.0
-470.0,-430.0,10.0,0.05,85.0
-450.0,-430.0,10.0,0.05,85.0
-430.0,-430.0,10.0,0.05,85.0
-410.0,-430.0,10.0,0.05,85.0
-390.0,-430.0,10.0,0.05,85.0
-370.0,-430.0,10.0,0.05,85.0
-350.0,-430.0,10.0,0.05,85.0
-330.0,-430.0,10.0,0.05,85.0
-310.0,-430.0,10.0,0.05,85.0
-290.0,-430.0,10.0,0.05,85.0
-270.0,-430.0,10.0,0.05,85.0
-250.0,-430.0,10.0,0.05,85.0
-230.0,-430.0,10.0,0.05,85.0
-210.0,-430.0,10.0,0.05,85.0
-190.0,-430.0,10.0,0.05,85.0
-170.0,-430.0,10.0,0.05,85.0
-150.0,-430.0,10.0,0.05,85.0
-130.0,-430.0,10.0,0.05,85.0
-110.0,-430.0,10.0,0.05,85.0
-90.0,-430.0,10.0,0.05,85.0
-70.0,-430.0,10.0,0.05,85.0
-50.0,-430.0,10.0,0.05,85.0
-30.0,-430.0,10.0,0.05,85.0
-10.0,-430.0,10.0,0.05,85.0
10.0,-430.0,10.0,0.05,85.0
30.0,-430.0,10.0,0.05,85.0
50.0,-430.0,10.0,0.05,85.0
70.0,-430.0,10.0,0.05,85.0
90.0,-430.0,10.0,0.05,85.0
110.0,-430.0,10.0,0.05,85.0
130.0,-430.0,10.0,0.05,85.0
150.0,-430.0,10.0,0.05,85.0
170.0,-430.0,10.0,0.05,85.0
190.0,-430.0,10.0,0.05,85.0
210.0,-430.0,10.0,0.05,85.0
230.0,-430.0,10.0,0.05,85.0
250.0,-430.0,10.0,0.05,85.0
270.0,-430.0,10.0,0.05,85.0
290.0,-430.0,10.0,0.05,85.0
310.0,-430.0,10.0,0.05,85.0
330.0,-430.0,10.0,0.05,85.0
350.0,-430.0,10.0,0.05,85.0
370.0,-430.0,10.0,0.05,85.0
390.0,-430.0,10.0,0.05,85.0
410.0,-430.0,10.0,0.05,85.0
430.0,-430.0,10.0,0.05,85.0
450.0,-430.0,10.0,0.05,85.0
470.0,-430.0,10.0,0.05,85.0
490.0,-430.0,10.0,0.05,85.0
-490.0,-410.0,10.0,0.05,85.0
-470.0,-410.0,10.0,0.05,85.0
-450.0,-410.0,10.0,0.05,85.0
-430.0,-410.0,10.0,0.05,85.0
-410.0,-410.0,10.0,0.05,85.0
-390.0,-410.0,10.0,0.05,85.0
-370.0,-410.0,10.0,0.05,85.0
-350.0,-410.0,10.0,0.05,85.0
-330.0,-410.0,10.0,0.05,85.0
-310.0,-410.0,10.0,0.05,85.0
-290.0,-410.0,10.0,0.05,85.0
-270.0,-410.0,10.0,0.05,85.0
-250.0,-410.0,10.0,0.05,85.0
-230.0,-410.0,10.0,0.05,85.0
-210.0,-410.0,10.0,0.05,85.0
-190.0,-410.0,10.0,0.05,85.0
-170.0,-410.0,10.0,0.05,85.0
-150.0,-410.0,10.0,0.05,85.0
-130.0,-410.0,10.0,0.05,85.0
-110.0,-410.0,10.0,0.05,85.0
-90.0,-410.0,10.0,0.05,85.0
-70.0,-410.0,10.0,0.05,85.0
-50.0,-410.0,10.0,0.05,85.0
-30.0,-410.0,10.0,0.05,85.0
-10.0,-410.0,10.0,0.05,85.0
10.0,-410.0,10.0,0.05,85.0
30.0,-410.0,10.0,0.05,85.0
50.0,-410.0,10.0,0.05,85.0
70.0,-410.0,10.0,0.05,85.0
90.0,-410.0,10.0,0.05,85.0
110.0,-410.0,10.0,0.05,85.0
130.0,-410.0,10.0,0.05,85.0
150.0,-410.0,10.0,0.05,85.0
170.0,-410.0,10.0,0.05,85.0
190.0,-410.0,10.0,0.05,85.0
210.0,-410.0,10.0,0.05,85.0
230.0,-410.0,10.0,0.05,85.0
250.0,-410.0,10.0,0.05,85.0
270.0,-410.0,10.0,0.05,85.0
290.0,-410.0,10.0,0.05,85.0
310.0,-410.0,10.0,0.05,85.0
330.0,-410.0,10.0,0.05,85.0
350.0,-410.0,10.0,0.05,85.0
370.0,-410.0,10.0,0.05,85.0
390.0,-410.0,10.0,0.05,85.0
410.0,-410.0,10.0,0.05,85.0
430.0,-410.0,10.0,0.05,85.0
450.0,-410.0,10.0,0.05,85.0
470.0,-410.0,10.0,0.05,85.0
490.0,-410.0,10.0,0.05,85.0
-490.0,-390.0,10.0,0.05,85.0
-470.0,-390.0,10.0,0.05,85.0
-450.0,-390.0,10.0,0.05,85.0
-430.0,-390.0,10.0,0.05,85.0
-410.0,-390.0,10.0,0.05,85.0
-390.0,-390.0,10.0,0.05,85.0
-370.0,-390.0,10.0,0.05,85.0
-350.0,-390.0,10.0,0.05,85.0
-330.0,-390.0,10.0,0.05,85.0
-310.0,-390.0,10.0,0.05,85.0
-290.0,-390.0,10.0,0.05,85.0
-270.0,-390.0,10.0,0.05,85.0
-250.0,-390.0,10.0,0.05,85.0
-230.0,-390.0,10.0,0.05,85.0
-210.0,-390.0,10.0,0.05,85.0
-190.0,-390.0,10.0,0.05,85.0
-170.0,-390.0,10.0,0.05,85.0
-150.0,-390.0,10.0,0.05,85.0
-130.0,-390.0,10.0,0.05,85.0
-110.0,-390.0,10.0,0.05,85.0
-90.0,-390.0,10.0,0.05,85.0
-70.0,-390.0,10.0,0.05,85.0
-50.0,-390.0,10.0,0.05,85.0
-30.0,-390.0,10.0,0.05,85.0
-10.0,-390.0,10.0,0.05,85.0
10.0,-390.0,10.0,0.05,85.0
30.0,-390.0,10.0,0.05,85.0
50.0,-390.0,10.0,0.05,85.0
70.0,-390.0,10.0,0.05,85.0
90.0,-390.0,10.0,0.05,85.0
110.0,-390.0,10.0,0.05,85.0
130.0,-390.0,10.0,0.05,85.0
150.0,-390.0,10.0,0.05,85.0
170.0,-390.0,10.0,0.05,85.0
190.0,-390.0,10.0,0.05,85.0
210.0,-390.0,10.0,0.05,85.0
230.0,-390.0,10.0,0.05,85.0
250.0,-390.0,10.0,0.05,85.0
270.0,-390.0,10.0,0.05,85.0
290.0,-390.0,10.0,0.05,85.0
310.0,-390.0,10.0,0.05,85.0
330.0,-390.0,10.0,0.05,85.0
350.0,-390.0,10.0,0.05,85.0
370.0,-390.0,10.0,0.05,85.0
390.0,-390.0,10.0,0.05,85.0
410.0,-390.0,10.0,0.05,85.0
430.0,-390.0,10.0,0.05,85.0
450.0,-390.0,10.0,0.05,85.0
470.0,-390.0,10.0,0.05,85.0
490.0,-390.0,10.0,0.05,85.0
-490.0,-370.0,10.0,0.05,85.0
-470.0,-370.0,10.0,0.05,85.0
-450.0,-370.0,10.0,0.05,85.0
-430.0,-370.0,10.0,0.05,85.0
-410.0,-370.0,10.0,0.05,85.0
-390.0,-370.0,10.0,0.05,85.0
-370.0,-370.0,10.0,0.05,85.0
-350.0,-370.0,10.0,0.05,85.0
-330.0,-370.0,10.0,0.05,85.0
-310.0,-370.0,10.0,0.05,85.0
-290.0,-370.0,10.0,0.05,85.0
-270.0,-370.0,10.0,0.05,85.0
-250.0,-370.0,10.0,0.05,85.0
-230.0,-370.0,10.0,0.05,85.0
-210.0,-370.0,10.0,0.05,85.0
-190.0,-370.0,10.0,0.05,85.0
-170.0,-370.0,10.0,0.05,85.0
-150.0,-370.0,10.0,0.05,85.0
-130.0,-370.0,10.0,0.05,85.0
-110.0,-370.0,10.0,0.05,85.0
-90.0,-370.0,10.0,0.05,85.0
-70.0,-370.0,10.0,0.05,85.0
-50.0,-370.0,10.0,0.05,85.0
-30.0,-370.0,10.0,0.05,85.0
-10.0,-370.0,10.0,0.05,85.0
10.0,-370.0,10.0,0.05,85.0
30.0,-370.0,10.0,0.05,85.0
50.0,-370.0,10.0,0.05,85.0
70.0,-370.0,10.0,0.05,85.0
90.0,-370.0,10.0,0.05,85.0
110.0,-370.0,10.0,0.05,85.0
130.0,-370.0,10.0,0.05,85.0
150.0,-370.0,10.0,0.05,85.0
170.0,-370.0,10.0,0.05,85.0
190.0,-370.0,10.0,0.05,85.0
210.0,-370.0,10.0,0.05,85.0
230.0,-370.0,10.0,0.05,85.0
250.0,-370.0,10.0,0.05,85.0
270.0,-370.0,10.0,0.05,85.0
290.0,-370.0,10.0,0.05,85.0
310.0,-370.0,10.0,0.05,85.0
330.0,-370.0,10.0,0.05,85.0
350.0,-370.0,10.0,0.05,85.0
370.0,-370.0,10.0,0.05,85.0
390.0,-370.0,10.0,0.05,85.0
410.0,-370.0,10.0,0.05,85.0
430.0,-370.0,10.0,0.05,85.0
450.0,-370.0,10.0,0.05,85.0
470.0,-370.0,10.0,0.05,85.0
490.0,-370.0,10.0,0.05,85.0
-490.0,-350.0,10.0,0.05,85.0
-470.0,-350.0,10.0,0.05,85.0
-450.0,-350.0,10.0,0.05,85.0
-430.0,-350.0,10.0,0.05,85.0
-410.0,-350.0,10.0,0.05,85.0
-390.0,-350.0,10.0,0.05,85.0
-370.0,-350.0,10.0,0.05,85.0
-350.0,-350.0,10.0,0.05,85.0
-330.0,-350.0,10.0,0.05,85.0
-310.0,-350.0,10.0,0.05,85.0
-290.0,-350.0,10.0,0.05,85.0
-270.0,-350.0,10.0,0.05,85.0
-250.0,-350.0,10.0,0.05,85.0
-230.0,-350.0,10.0,0.05,85.0
-210.0,-350.0,10.0,0.05,85.0
-190.0,-350.0,10.0,0.05,85.0
-170.0,-350.0,10.0,0.05,85.0
-150.0,-350.0,10.0,0.05,85.0
-130.0,-350.0,10.0,0.05,85.0
-110.0,-350.0,10.0,0.05,85.0
-90.0,-350.0,10.0,0.05,85.0
-70.0,-350.0,10.0,0.05,85.0
-50.0,-350.0,10.0,0.05,85.0
-30.0,-350.0,10.0,0.05,85.0
-10.0,-350.0,10.0,0.05,85.0
10.0,-350.0,10.0,0.05,85.0
30.0,-350.0,10.0,0.05,85.0
50.0,-350.0,10.0,0.05,85.0
70.0,-350.0,10.0,0.05,85.0
90.0,-350.0,10.0,0.05,85.0
110.0,-350.0,10.0,0.05,85.0
130.0,-350.0,10.0,0.05,85.0
150.0,-350.0,10.0,0.05,85.0
170.0,-350.0,10.0,0.05,85.0
190.0,-350.0,10.0,0.05,85.0
210.0,-350.0,10.0,0.05,85.0
230.0,-350.0,10.0,0.05,85.0
250.0,-350.0,10.0,0.05,85.0
270.0,-350.0,10.0,0.05,85.0
290.0,-350.0,10.0,0.05,85.0
310.0,-350.0,10.0,0.05,85.0
330.0,-350.0,10.0,0.05,85.0
350.0,-350.0,10.0,0.05,85.0
370.0,-350.0,10.0,0.05,85.0
390.0,-350.0,10.0,0.05,85.0
410.0,-350.0,10.0,0.05,85.0
430.0,-350.0,10.0,0.05,85.0
450.0,-350.0,10.0,0.05,85.0
470.0,-350.0,10.0,0.05,85.0
490.0,-350.0,10.0,0.05,85.0
-490.0,-330.0,10.0,0.05,85.0
-470.0,-330.0,10.0,0.05,85.0
-450.0,-330.0,10.0,0.05,85.0
-430.0,-330.0,10.0,0.05,85.0
-410.0,-330.0,10.0,0.05,85.0
-390.0,-330.0,10.0,0.05,85.0
-370.0,-330.0,10.0,0.05,85.0
-350.0,-330.0,10.0,0.05,85.0
-330.0,-330.0,10.0,0.05,85.0
-310.0,-330.0,10.0,0.05,85.0
-290.0,-330.0,10.0,0.05,85.0
-270.0,-330.0,10.0,0.05,85.0
-250.0,-330.0,10.0,0.05,85.0
-230.0,-330.0,10.0,0.05,85.0
-210.0,-330.0,10.0,0.05,85.0
-190.0,-330.0,10.0,0.05,85.0
-170.0,-330.0,10.0,0.05,85.0
-150.0,-330.0,10.0,0.05,85.0
-130.0,-330.0,10.0,0.05,85.0
-110.0,-330.0,10.0,0.05,85.0
-90.0,-330.0,10.0,0.05,85.0
-70.0,-330.0,10.0,0.05,85.0
-50.0,-330.0,10.0,0.05,85.0
-30.0,-330.0,10.0,0.05,85.0
-10.0,-330.0,10.0,0.05,85.0
10.0,-330.0,10.0,0.05,85.0
30.0,-330.0,10.0,0.05,85.0
50.0,-330.0,10.0,0.05,85.0
70.0,-330.0,10.0,0.05,85.0
90.0,-330.0,10.0,0.05,85.0
110.0,-330.0,10.0,0.05,85.0
130.0,-330.0,10.0,0.05,85.0
150.0,-330.0,10.0,0.05,85.0
170.0,-330.0,10.0,0.05,85.0
190.0,-330.0,10.0,0.05,85.0
210.0,-330.0,10.0,0.05,85.0
230.0,-330.0,10.0,0.05,85.0
250.0,-330.0,10.0,0.05,85.0
270.0,-330.0,10.0,0.05,85.0
290.0,-330.0,10.0,0.05,85.0
310.0,-330.0,10.0,0.05,85.0
330.0,-330.0,10.0,0.05,85.0
350.0,-330.0,10.0,0.05,85.0
370.0,-330.0,10.0,0.05,85.0
390.0,-330.0,10.0,0.05,85.0
410.0,-330.0,10.0,0.05,85.0
430.0,-330.0,10.0,0.05,85.0
450.0,-330.0,10.0,0.05,85.0
470.0,-330.0,10.0,0.05,85.0
490.0,-330.0,10.0,0.05,85.0
-490.0,-310.0,10.0,0.05,85.0
-470.0,-310.0,10.0,0.05,85.0
-450.0,-310.0,10.0,0.05,85.0
-430.0,-310.0,10.0,0.05,85.0
-410.0,-310.0,10.0,0.05,85.0
-390.0,-310.0,10.0,0.05,85.0
-370.0,-310.0,10.0,0.05,85.0
-350.0,-310.0,10.0,0.05,85.0
-330.0,-310.0,10.0,0.05,85.0
-310.0,-310.0,10.0,0.05,85.0
-290.0,-310.0,10.0,0.05,85.0
-270.0,-310.0,10.0,0.05,85.0
-250.0,-310.0,10.0,0.05,85.0
-230.0,-310.0,10.0,0.05,85.0
-210.0,-310.0,10.0,0.05,85.0
-190.0,-310.0,10.0,0.05,85.0
-170.0,-310.0,10.0,0.05,85.0
-150.0,-310.0,10.0,0.05,85.0
-130.0,-310.0,10.0,0.05,85.0
-110.0,-310.0,10.0,0.05,85.0
-90.0,-310.0,10.0,0.05,85.0
-70.0,-310.0,10.0,0.05,85.0
-50.0,-310.0,10.0,0.05,85.0
-30.0,-310.0,10.0,0.05,85.0
-10.0,-310.0,10.0,0.05,85.0
10.0,-310.0,10.0,0.05,85.0
30.0,-310.0,10.0,0.05,85.0
50.0,-310.0,10.0,0.05,85.0
70.0,-310.0,10.0,0.05,85.0
90.0,-310.0,10.0,0.05,85.0
110.0,-310.0,10.0,0.05,85.0
130.0,-310.0,10.0,0.05,85.0
150.0,-310.0,10.0,0.05,85.0
170.0,-310.0,10.0,0.05,85.0
190.0,-310.0,10.0,0.05,85.0
210.0,-310.0,10.0,0.05,85.0
230.0,-310.0,10.0,0.05,85.0
250.0,-310.0,10.0,0.05,85.0
270.0,-310.0,10.0,0.05,85.0
290.0,-310.0,10.0,0.05,85.0
310.0,-310.0,10.0,0.05,85.0
330.0,-310.0,10.0,0.05,85.0
350.0,-310.0,10.0,0.05,85.0
370.0,-310.0,10.0,0.05,85.0
390.0,-310.0,10.0,0.05,85.0
410.0,-310.0,10.0,0.05,85.0
430.0,-310.0,10.0,0.05,85.0
450.0,-310.0,10.0,0.05,85.0
470.0,-310.0,10.0,0.05,85.0
490.0,-310.0,10.0,0.05,85.0
-490.0,-290.0,10.0,0.05,85.0
-470.0,-290.0,10.0,0.05,85.0
-450.0,-290.0,10.0,0.05,85.0
-430.0,-290.0,10.0,0.05,85.0
-410.0,-290.0,10.0,0.05,85.0
-390.0,-290.0,10.0,0.05,85.0
-370.0,-290.0,10.0,0.05,85.0
-350.0,-290.0,10.0,0.05,85.0
-330.0,-290.0,10.0,0.05,85.0
-310.0,-290.0,10.0,0.05,85.0
-290.0,-290.0,10.0,0.05,85.0
-270.0,-290.0,10.0,0.05,85.0
-250.0,-290.0,10.0,0.05,85.0
-230.0,-290.0,10.0,0.05,85.0
-210.0,-290.0,10.0,0.05,85.0
-190.0,-290.0,10.0,0.05,85.0
-170.0,-290.0,10.0,0.05,85.0
-150.0,-290.0,10.0,0.05,85.0
-130.0,-290.0,10.0,0.05,85.0
-110.0,-290.0,10.0,0.05,85.0
-90.0,-290.0,10.0,0.05,85.0
-70.0,-290.0,10.0,0.05,85.0
-50.0,-290.0,10.0,0.05,85.0
-30.0,-290.0,10.0,0.05,85.0
-10.0,-290.0,10.0,0.05,85.0
10.0,-290.0,10.0,0.05,85.0
30.0,-290.0,10.0,0.05,85.0
50.0,-290.0,10.0,0.05,85.0
70.0,-290.0,10.0,0.05,85.0
90.0,-290.0,10.0,0.05,85.0
110.0,-290.0,10.0,0.05,85.0
130.0,-290.0,10.0,0.05,85.0
150.0,-290.0,10.0,0.05,85.0
170.0,-290.0,10.0,0.05,85.0
190.0,-290.0,10.0,0.05,85.0
210.0,-290.0,10.0,0.05,85.0
230.0,-290.0,10.0,0.05,85.0
250.0,-290.0,10.0,0.05,85.0
270.0,-290.0,10.0,0.05,85.0
290.0,-290.0,10.0,0.05,85.0
310.0,-290.0,10.0,0.05,85.0
330.0,-290.0,10.0,0.05,85.0
350.0,-290.0,10.0,0.05,85.0
370.0,-290.0,10.0,0.05,85.0
390.0,-290.0,10.0,0.05,85.0
410.0,-290.0,10.0,0.05,85.0
430.0,-290.0,10.0,0.05,85.0
450.0,-290.0,10.0,0.05,85.0
470.0,-290.0,10.0,0.05,85.0
490.0,-290.0,10.0,0.05,85.0
-490.0,-270.0,10.0,0.05,85.0
-470.0,-270.0,10.0,0.05,85.0
-450.0,-270.0,10.0,0.05,85.0
-430.0,-270.0,10.0,0.05,85.0
-410.0,-270.0,10.0,0.05,85.0
-390.0,-270.0,10.0,0.05,85.0
-370.0,-270.0,10.0,0.05,85.0
-350.0,-270.0,10.0,0.05,85.0
-330.0,-270.0,10.0,0.05,85.0
-310.0,-270.0,10.0,0.05,85.0
-290.0,-270.0,10.0,0.05,85.0
-270.0,-270.0,10.0,0.05,85.0
-250.0,-270.0,10.0,0.05,85.0
-230.0,-270.0,10.0,0.05,85.0
-210.0,-270.0,10.0,0.05,85.0
-190.0,-270.0,10.0,0.05,85.0
-170.0,-270.0,10.0,0.05,85.0
-150.0,-270.0,10.0,0.05,85.0
-130.0,-270.0,10.0,0.05,85.0
-110.0,-270.0,10.0,0.05,85.0
-90.0,-270.0,10.0,0.05,85.0
-70.0,-270.0,10.0,0.05,85.0
-50.0,-270.0,10.0,0.05,85.0
-30.0,-270.0,10.0,0.05,85.0
-10.0,-270.0,10.0,0.05,85.0
10.0,-270.0,10.0,0.05,85.0
30.0,-270.0,10.0,0.05,85.0
50.0,-270.0,10.0,0.05,85.0
70.0,-270.0,10.0,0.05,85.0
90.0,-270.0,10.0,0.05,85.0
110.0,-270.0,10.0,0.05,85.0
130.0,-270.0,10.0,0.05,85.0
150.0,-270.0,10.0,0.05,85.0
170.0,-270.0,10.0,0.05,85.0
190.0,-270.0,10.0,0.05,85.0
210.0,-270.0,10.0,0.05,85.0
230.0,-270.0,10.0,0.05,85.0
250.0,-270.0,10.0,0.05,85.0
270.0,-270.0,10.0,0.05,85.0
290.0,-270.0,10.0,0.05,85.0
310.0,-270.0,10.0,0.05,85.0
330.0,-270.0,10.0,0.05,85.0
350.0,-270.0,10.0,0.05,85.0
370.0,-270.0,10.0,0.05,85.0
390.0,-270.0,10.0,0.05,85.0
410.0,-270.0,10.0,0.05,85.0
430.0,-270.0,10.0,0.05,85.0
450.0,-270.0,10.0,0.05,85.0
470.0,-270.0,10.0,0.05,85.0
490.0,-270.0,10.0,0.05,85.0
-490.0,-250.0,10.0,0.05,85.0
-470.0,-250.0,10.0,0.05,85.0
-450.0,-250.0,10.0,0.05,85.0
-430.0,-250.0,10.0,0.05,85.0
-410.0,-250.0,10.0,0.05,85.0
-390.0,-250.0,10.0,0.05,85.0
-370.0,-250.0,10.0,0.05,85.0
-350.0,-250.0,10.0,0.05,85.0
-330.0,-250.0,10.0,0.05,85.0
-310.0,-250.0,10.0,0.05,85.0
-290.0,-250.0,10.0,0.05,85.0
-270.0,-250.0,10.0,0.05,85.0
-250.0,-250.0,10.0,0.05,85.0
-230.0,-250.0,10.0,0.05,85.0
-210.0,-250.0,10.0,0.05,85.0
-190.0,-250.0,10.0,0.05,85.0
-170.0,-250.0,10.0,0.05,85.0
-150.0,-250.0,10.0,0.05,85.0
-130.0,-250.0,10.0,0.05,85.0
-110.0,-250.0,10.0,0.05,85.0
-90.0,-250.0,10.0,0.05,85.0
-70.0,-250.0,10.0,0.05,85.0
-50.0,-250.0,10.0,0.05,85.0
-30.0,-250.0,10.0,0.05,85.0
-10.0,-250.0,10.0,0.05,85.0
10.0,-250.0,10.0,0.05,85.0
30.0,-250.0,10.0,0.05,85.0
50.0,-250.0,10.0,0.05,85.0
70.0,-250.0,10.0,0.05,85.0
90.0,-250.0,10.0,0.05,85.0
110.0,-250.0,10.0,0.05,85.0
130.0,-250.0,10.0,0.05,85.0
150.0,-250.0,10.0,0.05,85.0
170.0,-250.0,10.0,0.05,85.0
190.0,-250.0,10.0,0.05,85.0
210.0,-250.0,10.0,0.05,85.0
230.0,-250.0,10.0,0.05,85.0
250.0,-250.0,10.0,0.05,85.0
270.0,-250.0,10.0,0.05,85.0
290.0,-250.0,10.0,0.05,85.0
310.0,-250.0,10.0,0.05,85.0
330.0,-250.0,10.0,0.05,85.0
350.0,-250.0,10.0,0.05,85.0
370.0,-250.0,10.0,0.05,85.0
390.0,-250.0,10.0,0.05,85.0
410.0,-250.0,10.0,0.05,85.0
430.0,-250.0,10.0,0.05,85.0
450.0,-250.0,10.0,0.05,85.0
470.0,-250.0,10.0,0.05,85.0
490.0,-250.0,10.0,0.05,85.0
-490.0,-230.0,10.0,0.05,85.0
-470.0,-230.0,10.0,0.05,85.0
-450.0,-230.0,10.0,0.05,85.0
-430.0,-230.0,10.0,0.05,85.0
-410.0,-230.0,10.0,0.05,85.0
-390.0,-230.0,10.0,0.05,85.0
-370.0,-230.0,10.0,0.05,85.0
-350.0,-230.0,10.0,0.05,85.0
-330.0,-230.0,10.0,0.05,85.0
-310.0,-230.0,10.0,0.05,85.0
-290.0,-230.0,10.0,0.05,85.0
-270.0,-230.0,10.0,0.05,85.0
-250.0,-230.0,10.0,0.05,85.0
-230.0,-230.0,10.0,0.05,85.0
-210.0,-230.0,10.0,0.05,85.0
-190.0,-230.0,10.0,0.05,85.0
-170.0,-230.0,10.0,0.05,85.0
-150.0,-230.0,10.0,0.05,85.0
-130.0,-230.0,10.0,0.05,85.0
-110.0,-230.0,10.0,0.05,85.0
-90.0,-230.0,10.0,0.05,85.0
-70.0,-230.0,10.0,0.05,85.0
-50.0,-230.0,10.0,0.05,85.0
-30.0,-230.0,10.0,0.05,85.0
-10.0,-230.0,10.0,0.05,85.0
10.0,-230.0,10.0,0.05,85.0
30.0,-230.0,10.0,0.05,85.0
50.0,-230.0,10.0,0.05,85.0
70.0,-230.0,10.0,0.05,85.0
90.0,-230.0,10.0,0.05,85.0
110.0,-230.0,10.0,0.05,85.0
130.0,-230.0,10.0,0.05,85.0
150.0,-230.0,10.0,0.05,85.0
170.0,-230.0,10.0,0.05,85.0
190.0,-230.0,10.0,0.05,85.0
210.0,-230.0,10.0,0.05,85.0
230.0,-230.0,10.0,0.05,85.0
250.0,-230.0,10.0,0.05,85.0
270.0,-230.0,10.0,0.05,85.0
290.0,-230.0,10.0,0.05,85.0
310.0,-230.0,10.0,0.05,85.0
330.0,-230.0,10.0,0.05,85.0
350.0,-230.0,10.0,0.05,85.0
370.0,-230.0,10.0,0.05,85.0
390.0,-230.0,10.0,0.05,85.0
410.0,-230.0,10.0,0.05,85.0
430.0,-230.0,10.0,0.05,85.0
450.0,-230.0,10.0,0.05,85.0
470.0,-230.0,10.0,0.05,85.0
490.0,-230.0,10.0,0.05,85.0
-490.0,-210.0,10.0,0.05,85.0
-470.0,-210.0,10.0,0.05,85.0
-450.0,-210.0,10.0,0.05,85.0
-430.0,-210.0,10.0,0.05,85.0
-410.0,-210.0,10.0,0.05,85.0
-390.0,-210.0,10.0,0.05,85.0
-370.0,-210.0,10.0,0.05,85.0
-350.0,-210.0,10.0,0.05,85.0
-330.0,-210.0,10.0,0.05,85.0
-310.0,-210.0,10.0,0.05,85.0
-290.0,-210.0,10.0,0.05,85.0
-270.0,-210.0,10.0,0.05,85.0
-250.0,-210.0,10.0,0.05,85.0
-230.0,-210.0,10.0,0.05,85.0
-210.0,-210.0,10.0,0.05,85.0
-190.0,-210.0,10.0,0.05,85.0
-170.0,-210.0,10.0,0.05,85.0
-150.0,-210.0,10.0,0.05,85.0
-130.0,-210.0,10.0,0.05,85.0
-110.0,-210.0,10.0,0.05,85.0
-90.0,-210.0,10.0,0.05,85.0
-70.0,-210.0,10.0,0.05,85.0
-50.0,-210.0,10.0,0.05,85.0
-30.0,-210.0,10.0,0.05,85.0
-10.0,-210.0,10.0,0.05,85.0
10.0,-210.0,10.0,0.05,85.0
30.0,-210.0,10.0,0.05,85.0
50.0,-210.0,10.0,0.05,85.0
70.0,-210.0,10.0,0.05,85.0
90.0,-210.0,10.0,0.05,85.0
110.0,-210.0,10.0,0.05,85.0
130.0,-210.0,10.0,0.05,85.0
150.0,-210.0,10.0,0.05,85.0
170.0,-210.0,10.0,0.05,85.0
190.0,-210.0,10.0,0.05,85.0
210.0,-210.0,10.0,0.05,85.0
230.0,-210.0,10.0,0.05,85.0
250.0,-210.0,10.0,0.05,85.0
270.0,-210.0,10.0,0.05,85.0
290.0,-210.0,10.0,0.05,85.0
310.0,-210.0,10.0,0.05,85.0
330.0,-210.0,10.0,0.05,85.0
350.0,-210.0,10.0,0.05,85.0
370.0,-210.0,10.0,0.05,85.0
390.0,-210.0,10.0,0.05,85.0
410.0,-210.0,10.0,0.05,85.0
430.0,-210.0,10.0,0.05,85.0
450.0,-210.0,10.0,0.05,85.0
470.0,-210.0,10.0,0.05,85.0
490.0,-210.0,10.0,0.05,85.0
-490.0,-190.0,10.0,0.05,85.0
-470.0,-190.0,10.0,0.05,85.0
-450.0,-190.0,10.0,0.05,85.0
-430.0,-190.0,10.0,0.05,85.0
-410.0,-190.0,10.0,0.05,85.0
-390.0,-190.0,10.0,0.05,85.0
-370.0,-190.0,10.0,0.05,85.0
-350.0,-190.0,10.0,0.05,85.0
-330.0,-190.0,10.0,0.05,85.0
-310.0,-190.0,10.0,0.05,85.0
-290.0,-190.0,10.0,0.05,85.0
-270.0,-190.0,10.0,0.05,85.0
-250.0,-190.0,10.0,0.05,85.0
-230.0,-190.0,10.0,0.05,85.0
-210.0,-190.0,10.0,0.05,85.0
-190.0,-190.0,10.0,0.05,85.0
-170.0,-190.0,10.0,0.05,85.0
-150.0,-190.0,10.0,0.05,85.0
-130.0,-190.0,10.0,0.05,85.0
-110.0,-190.0,10.0,0.05,85.0
-90.0,-190.0,10.0,0.05,85.0
-70.0,-190.0,10.0,0.05,85.0
-50.0,-190.0,10.0,0.05,85.0
-30.0,-190.0,10.0,0.05,85.0
-10.0,-190.0,10.0,0.05,85.0
10.0,-190.0,10.0,0.05,85.0
30.0,-190.0,10.0,0.05,85.0
50.0,-190.0,10.0,0.05,85.0
70.0,-190.0,10.0,0.05,85.0
90.0,-190.0,10.0,0.05,85.0
110.0,-190.0,10.0,0.05,85.0
130.0,-190.0,10.0,0.05,85.0
150.0,-190.0,10.0,0.05,85.0
170.0,-190.0,10.0,0.05,85.0
190.0,-190.0,10.0,0.05,85.0
210.0,-190.0,10.0,0.05,85.0
230.0,-190.0,10.0,0.05,85.0
250.0,-190.0,10.0,0.05,85.0
270.0,-190.0,10.0,0.05,85.0
290.0,-190.0,10.0,0.05,85.0
310.0,-190.0,10.0,0.05,85.0
330.0,-190.0,10.0,0.05,85.0
350.0,-190.0,10.0,0.05,85.0
370.0,-190.0,10.0,0.05,85.0
390.0,-190.0,10.0,0.05,85.0
410.0,-190.0,10.0,0.05,85.0
430.0,-190.0,10.0,0.05,85.0
450.0,-190.0,10.0,0.05,85.0
470.0,-190.0,10.0,0.05,85.0
490.0,-190.0,10.0,0.05,85.0
-490.0,-170.0,10.0,0.05,85.0
-470.0,-170.0,10.0,0.05,85.0
-450.0,-170.0,10.0,0.05,85.0
-430.0,-170.0,10.0,0.05,85.0
-410.0,-170.0,10.0,0.05,85.0
-390.0,-170.0,10.0,0.05,85.0
-370.0,-170.0,10.0,0.05,85.0
-350.0,-170.0,10.0,0.05,85.0
-330.0,-170.0,10.0,0.05,85.0
-310.0,-170.0,10.0,0.05,85.0
-290.0,-170.0,10.0,0.05,85.0
-270.0,-170.0,10.0,0.05,85.0
-250.0,-170.0,10.0,0.05,85.0
-230.0,-170.0,10.0,0.05,85.0
-210.0,-170.0,10.0,0.05,85.0
-190.0,-170.0,10.0,0.05,85.0
-170.0,-170.0,10.0,0.05,85.0
-150.0,-170.0,10.0,0.05,85.0
-130.0,-170.0,10.0,0.05,85.0
-110.0,-170.0,10.0,0.05,85.0
-90.0,-170.0,10.0,0.05,85.0
-70.0,-170.0,10.0,0.05,85.0
-50.0,-170.0,10.0,0.05,85.0
-30.0,-170.0,10.0,0.05,85.0
-10.0,-170.0,10.0,0.05,85.0
10.0,-170.0,10.0,0.05,85.0
30.0,-170.0,10.0,0.05,85.0
50.0,-170.0,10.0,0.05,85.0
70.0,-170.0,10.0,0.05,85.0
90.0,-170.0,10.0,0.05,85.0
110.0,-170.0,10.0,0.05,85.0
130.0,-170.0,10.0,0.05,85.0
150.0,-170.0,10.0,0.05,85.0
170.0,-170.0,10.0,0.05,85.0
190.0,-170.0,10.0,0.05,85.0
210.0,-170.0,10.0,0.05,85.0
230.0,-170.0,10.0,0.05,85.0
250.0,-170.0,10.0,0.05,85.0
270.0,-170.0,10.0,0.05,85.0
290.0,-170.0,10.0,0.05,85.0
310.0,-170.0,10.0,0.05,85.0
330.0,-170.0,10.0,0.05,85.0
350.0,-170.0,10.0,0.05,85.0
370.0,-170.0,10.0,0.05,85.0
390.0,-170.0,10.0,0.05,85.0
410.0,-170.0,10.0,0.05,85.0
430.0,-170.0,10.0,0.05,85.0
450.0,-170.0,10.0,0.05,85.0
470.0,-170.0,10.0,0.05,85.0
490.0,-170.0,10.0,0.05,85.0
-490.0,-150.0,10.0,0.05,85.0
-470.0,-150.0,10.0,0.05,85.0
-450.0,-150.0,10.0,0.05,85.0
-430.0,-150.0,10.0,0.05,85.0
-410.0,-150.0,10.0,0.05,85.0
-390.0,-150.0,10.0,0.05,85.0
-370.0,-150.0,10.0,0.05,85.0
-350.0,-150.0,10.0,0.05,85.0
-330.0,-150.0,10.0,0.05,85.0
-310.0,-150.0,10.0,0.05,85.0
-290.0,-150.0,10.0,0.05,85.0
-270.0,-150.0,10.0,0.05,85.0
-250.0,-150.0,10.0,0.05,85.0
-230.0,-150.0,10.0,0.05,85.0
-210.0,-150.0,10.0,0.05,85.0
-190.0,-150.0,10.0,0.05,85.0
-170.0,-150.0,10.0,0.05,85.0
-150.0,-150.0,10.0,0.05,85.0
-130.0,-150.0,10.0,0.05,85.0
-110.0,-150.0,10.0,0.05,85.0
-90.0,-150.0,10.0,0.05,85.0
-70.0,-150.0,10.0,0.05,85.0
-50.0,-150.0,10.0,0.05,85.0
-30.0,-150.0,10.0,0.05,85.0
-10.0,-150.0,10.0,0.05,85.0
10.0,-150.0,10.0,0.05,85.0
30.0,-150.0,10.0,0.05,85.0
50.0,-150.0,10.0,0.05,85.0
70.0,-150.0,10.0,0.05,85.0
90.0,-150.0,10.0,0.05,85.0
110.0,-150.0,10.0,0.05,85.0
130.0,-150.0,10.0,0.05,85.0
150.0,-150.0,10.0,0.05,85.0
170.0,-150.0,10.0,0.05,85.0
190.0,-150.0,10.0,0.05,85.0
210.0,-150.0,10.0,0.05,85.0
230.0,-150.0,10.0,0.05,85.0
250.0,-150.0,10.0,0.05,85.0
270.0,-150.0,10.0,0.05,85.0
290.0,-150.0,10.0,0.05,85.0
310.0,-150.0,10.0,0.05,85.0
330.0,-150.0,10.0,0.05,85.0
350.0,-150.0,10.0,0.05,85.0
370.0,-150.0,10.0,0.05,85.0
390.0,-150.0,10.0,0.05,85.0
410.0,-150.0,10.0,0.05,85.0
430.0,-150.0,10.0,0.05,85.0
450.0,-150.0,10.0,0.05,85.0
470.0,-150.0,10.0,0.05,85.0
490.0,-150.0,10.0,0.05,85.0
-490.0,-130.0,10.0,0.05,85.0
-470.0,-130.0,10.0,0.05,85.0
-450.0,-130.0,10.0,0.05,85.0
-430.0,-130.0,10.0,0.05,85.0
-410.0,-130.0,10.0,0.05,85.0
-390.0,-130.0,10.0,0.05,85.0
-370.0,-130.0,10.0,0.05,85.0
-350.0,-130.0,10.0,0.05,85.0
-330.0,-130.0,10.0,0.05,85.0
-310.0,-130.0,10.0,0.05,85.0
-290.0,-130.0,10.0,0.05,85.0
-270.0,-130.0,10.0,0.05,85.0
-250.0,-130.0,10.0,0.05,85.0
-230.0,-130.0,10.0,0.05,85.0
-210.0,-130.0,10.0,0.05,85.0
-190.0,-130.0,10.0,0.05,85.0
-170.0,-130.0,10.0,0.05,85.0
-150.0,-130.0,10.0,0.05,85.0
-130.0,-130.0,10.0,0.05,85.0
-110.0,-130.0,10.0,0.05,85.0
-90.0,-130.0,10.0,0.05,85.0
-70.0,-130.0,10.0,0.05,85.0
-50.0,-130.0,10.0,0.05,85.0
-30.0,-130.0,10.0,0.05,85.0
-10.0,-130.0,10.0,0.05,85.0
10.0,-130.0,10.0,0.05,85.0
30.0,-130.0,10.0,0.05,85.0
50.0,-130.0,10.0,0.05,85.0
70.0,-130.0,10.0,0.05,85.0
90.0,-130.0,10.0,0.05,85.0
110.0,-130.0,10.0,0.05,85.0
130.0,-130.0,10.0,0.05,85.0
150.0,-130.0,10.0,0.05,85.0
170.0,-130.0,10.0,0.05,85.0
190.0,-130.0,10.0,0.05,85.0
210.0,-130.0,10.0,0.05,85.0
230.0,-130.0,10.0,0.05,85.0
250.0,-130.0,10.0,0.05,85.0
270.0,-130.0,10.0,0.05,85.0
290.0,-130.0,10.0,0.05,85.0
310.0,-130.0,10.0,0.05,85.0
330.0,-130.0,10.0,0.05,85.0
350.0,-130.0,10.0,0.05,85.0
370.0,-130.0,10.0,0.05,85.0
390.0,-130.0,10.0,0.05,85.0
410.0,-130.0,10.0,0.05,85.0
430.0,-130.0,10.0,0.05,85.0
450.0,-130.0,10.0,0.05,85.0
470.0,-130.0,10.0,0.05,85.0
490.0,-130.0,10.0,0.05,85.0
-490.0,-110.0,10.0,0.05,85.0
-470.0,-110.0,10.0,0.05,85.0
-450.0,-110.0,10.0,0.05,85.0
-430.0,-110.0,10.0,0.05,85.0
-410.0,-110.0,10.0,0.05,85.0
-390.0,-110.0,10.0,0.05,85.0
-370.0,-110.0,10.0,0.05,85.0
-350.0,-110.0,10.0,0.05,85.0
-330.0,-110.0,10.0,0.05,85.0
-310.0,-110.0,10.0,0.05,85.0
-290.0,-110.0,10.0,0.05,85.0
-270.0,-110.0,10.0,0.05,85.0
-250.0,-110.0,10.0,0.05,85.0
-230.0,-110.0,10.0,0.05,85.0
-210.0,-110.0,10.0,0.05,85.0
-190.0,-110.0,10.0,0.05,85.0
-170.0,-110.0,10.0,0.05,85.0
-150.0,-110.0,10.0,0.05,85.0
-130.0,-110.0,10.0,0.05,85.0
-110.0,-110.0,10.0,0.05,85.0
-90.0,-110.0,10.0,0.05,85.0
-70.0,-110.0,10.0,0.05,85.0
-50.0,-110.0,10.0,0.05,85.0
-30.0,-110.0,10.0,0.05,85.0
-10.0,-110.0,10.0,0.05,85.0
10.0,-110.0,10.0,0.05,85.0
30.0,-110.0,10.0,0.05,85.0
50.0,-110.0,10.0,0.05,85.0
70.0,-110.0,10.0,0.05,85.0
90.0,-110.0,10.0,0.05,85.0
110.0,-110.0,10.0,0.05,85.0
130.0,-110.0,10.0,0.05,85.0
150.0,-110.0,10.0,0.05,85.0
170.0,-110.0,10.0,0.05,85.0
190.0,-110.0,10.0,0.05,85.0
210.0,-110.0,10.0,0.05,85.0
230.0,-110.0,10.0,0.05,85.0
250.0,-110.0,10.0,0.05,85.0
270.0,-110.0,10.0,0.05,85.0
290.0,-110.0,10.0,0.05,85.0
310.0,-110.0,10.0,0.05,85.0
330.0,-110.0,10.0,0.05,85.0
350.0,-110.0,10.0,0.05,85.0
370.0,-110.0,10.0,0.05,85.0
390.0,-110.0,10.0,0.05,85.0
410.0,-110.0,10.0,0.05,85.0
430.0,-110.0,10.0,0.05,85.0
450.0,-110.0,10.0,0.05,85.0
470.0,-110.0,10.0,0.05,85.0
490.0,-110.0,10.0,0.05,85.0
-490.0,-90.0,10.0,0.05,85.0
-470.0,-90.0,10.0,0.05,85.0
-450.0,-90.0,10.0,0.05,85.0
-430.0,-90.0,10.0,0.05,85.0
-410.0,-90.0,10.0,0.05,85.0
-390.0,-90.0,10.0,0.05,85.0
-370.0,-90.0,10.0,0.05,85.0
-350.0,-90.0,10.0,0.05,85.0
-330.0,-90.0,10.0,0.05,85.0
-310.0,-90.0,10.0,0.05,85.0
-290.0,-90.0,10.0,0.05,85.0
-270.0,-90.0,10.0,0.05,85.0
-250.0,-90.0,10.0,0.05,85.0
-230.0,-90.0,10.0,0.05,85.0
-210.0,-90.0,10.0,0.05,85.0
-190.0,-90.0,10.0,0.05,85.0
-170.0,-90.0,10.0,0.05,85.0
-150.0,-90.0,10.0,0.05,85.0
-130.0,-90.0,10.0,0.05,85.0
-110.0,-90.0,10.0,0.05,85.0
-90.0,-90.0,10.0,0.05,85.0
-70.0,-90.0,10.0,0.05,85.0
-50.0,-90.0,10.0,0.05,85.0
-30.0,-90.0,10.0,0.05,85.0
-10.0,-90.0,10.0,0.05,85.0
10.0,-90.0,10.0,0.05,85.0
30.0,-90.0,10.0,0.05,85.0
50.0,-90.0,10.0,0.05,85.0
70.0,-90.0,10.0,0.05,85.0
90.0,-90.0,10.0,0.05,85.0
110.0,-90.0,10.0,0.05,85.0
130.0,-90.0,10.0,0.05,85.0
150.0,-90.0,10.0,0.05,85.0
170.0,-90.0,10.0,0.05,85.0
190.0,-90.0,10.0,0.05,85.0
210.0,-90.0,10.0,0.05,85.0
230.0,-90.0,10.0,0.05,85.0
250.0,-90.0,10.0,0.05,85.0
270.0,-90.0,10.0,0.05,85.0
290.0,-90.0,10.0,0.05,85.0
310.0,-90.0,10.0,0.05,85.0
330.0,-90.0,10.0,0.05,85.0
350.0,-90.0,10.0,0.05,85.0
370.0,-90.0,10.0,0.05,85.0
390.0,-90.0,10.0,0.05,85.0
410.0,-90.0,10.0,0.05,85.0
430.0,-90.0,10.0,0.05,85.0
450.0,-90.0,10.0,0.05,85.0
470.0,-90.0,10.0,0.05,85.0
490.0,-90.0,10.0,0.05,85.0
-490.0,-70.0,10.0,0.05,85.0
-470.0,-70.0,10.0,0.05,85.0
-450.0,-70.0,10.0,0.05,85.0
-430.0,-70.0,10.0,0.05,85.0
-410.0,-70.0,10.0,0.05,85.0
-390.0,-70.0,10.0,0.05,85.0
-370.0,-70.0,10.0,0.05,85.0
-350.0,-70.0,10.0,0.05,85.0
-330.0,-70.0,10.0,0.05,85.0
-310.0,-70.0,10.0,0.05,85.0
-290.0,-70.0,10.0,0.05,85.0
-270.0,-70.0,10.0,0.05,85.0
-250.0,-70.0,10.0,0.05,85.0
-230.0,-70.0,10.0,0.05,85.0
-210.0,-70.0,10.0,0.05,85.0
-190.0,-70.0,10.0,0.05,85.0
-170.0,-70.0,10.0,0.05,85.0
-150.0,-70.0,10.0,0.05,85.0
-130.0,-70.0,10.0,0.05,85.0
-110.0,-70.0,10.0,0.05,85.0
-90.0,-70.0,10.0,0.05,85.0
-70.0,-70.0,10.0,0.05,85.0
-50.0,-70.0,10.0,0.05,85.0
-30.0,-70.0,10.0,0.05,85.0
-10.0,-70.0,10.0,0.05,85.0
10.0,-70.0,10.0,0.05,85.0
30.0,-70.0,10.0,0.05,85.0
50.0,-70.0,10.0,0.05,85.0
70.0,-70.0,10.0,0.05,85.0
90.0,-70.0,10.0,0.05,85.0
110.0,-70.0,10.0,0.05,85.0
130.0,-70.0,10.0,0.05,85.0
150.0,-70.0,10.0,0.05,85.0
170.0,-70.0,10.0,0.05,85.0
190.0,-70.0,10.0,0.05,85.0
210.0,-70.0,10.0,0.05,85.0
230.0,-70.0,10.0,0.05,85.0
250.0,-70.0,10.0,0.05,85.0
270.0,-70.0,10.0,0.05,85.0
290.0,-70.0,10.0,0.05,85.0
310.0,-70.0,10.0,0.05,85.0
330.0,-70.0,10.0,0.05,85.0
350.0,-70.0,10.0,0.05,85.0
370.0,-70.0,10.0,0.05,85.0
390.0,-70.0,10.0,0.05,85.0
410.0,-70.0,10.0,0.05,85.0
430.0,-70.0,10.0,0.05,85.0
450.0,-70.0,10.0,0.05,85.0
470.0,-70.0,10.0,0.05,85.0
490.0,-70.0,10.0,0.05,85.0
-490.0,-50.0,10.0,0.05,85.0
-470.0,-50.0,10.0,0.05,85.0
-450.0,-50.0,10.0,0.05,85.0
-430.0,-50.0,10.0,0.05,85.0
-410.0,-50.0,10.0,0.05,85.0
-390.0,-50.0,10.0,0.05,85.0
-370.0,-50.0,10.0,0.05,85.0
-350.0,-50.0,10.0,0.05,85.0
-330.0,-50.0,10.0,0.05,85.0
-310.0,-50.0,10.0,0.05,85.0
-290.0,-50.0,10.0,0.05,85.0
-270.0,-50.0,10.0,0.05,85.0
-250.0,-50.0,10.0,0.05,85.0
-230.0,-50.0,10.0,0.05,85.0
-210.0,-50.0,10.0,0.05,85.0
-190.0,-50.0,10.0,0.05,85.0
-170.0,-50.0,10.0,0.05,85.0
-150.0,-50.0,10.0,0.05,85.0
-130.0,-50.0,10.0,0.05,85.0
-110.0,-50.0,10.0,0.05,85.0
-90.0,-50.0,10.0,0.05,85.0
-70.0,-50.0,10.0,0.05,85.0
-50.0,-50.0,10.0,0.05,85.0
-30.0,-50.0,10.0,0.05,85.0
-10.0,-50.0,10.0,0.05,85.0
10.0,-50.0,10.0,0.05,85.0
30.0,-50.0,10.0,0.05,85.0
50.0,-50.0,10.0,0.05,85.0
70.0,-50.0,10.0,0.05,85.0
90.0,-50.0,10.0,0.05,85.0
110.0,-50.0,10.0,0.05,85.0
130.0,-50.0,10.0,0.05,85.0
150.0,-50.0,10.0,0.05,85.0
170.0,-50.0,10.0,0.05,85.0
190.0,-50.0,10.0,0.05,85.0
210.0,-50.0,10.0,0.05,85.0
230.0,-50.0,10.0,0.05,85.0
250.0,-50.0,10.0,0.05,85.0
270.0,-50.0,10.0,0.05,85.0
290.0,-50.0,10.0,0.05,85.0
310.0,-50.0,10.0,0.05,85.0
330.0,-50.0,10.0,0.05,85.0
350.0,-50.0,10.0,0.05,85.0
370.0,-50.0,10.0,0.05,85.0
390.0,-50.0,10.0,0.05,85.0
410.0,-50.0,10.0,0.05,85.0
430.0,-50.0,10.0,0.05,85.0
450.0,-50.0,10.0,0.05,85.0
470.0,-50.0,10.0,0.05,85.0
490.0,-50.0,10.0,0.05,85.0
-490.0,-30.0,10.0,0.05,85.0
-470.0,-30.0,10.0,0.05,85.0
-450.0,-30.0,10.0,0.05,85.0
-430.0,-30.0,10.0,0.05,85.0
-410.0,-30.0,10.0,0.05,85.0
-390.0,-30.0,10.0,0.05,85.0
-370.0,-30.0,10.0,0.05,85.0
-350.0,-30.0,10.0,0.05,85.0
-330.0,-30.0,10.0,0.05,85.0
-310.0,-30.0,10.0,0.05,85.0
-290.0,-30.0,10.0,0.05,85.0
-270.0,-30.0,10.0,0.05,85.0
-250.0,-30.0,10.0,0.05,85.0
-230.0,-30.0,10.0,0.05,85.0
-210.0,-30.0,10.0,0.05,85.0
-190.0,-30.0,10.0,0.05,85.0
-170.0,-30.0,10.0,0.05,85.0
-150.0,-30.0,10.0,0.05,85.0
-130.0,-30.0,10.0,0.05,85.0
-110.0,-30.0,10.0,0.05,85.0
-90.0,-30.0,10.0,0.05,85.0
-70.0,-30.0,10.0,0.05,85.0
-50.0,-30.0,10.0,0.05,85.0
-30.0,-30.0,10.0,0.05,85.0
-10.0,-30.0,10.0,0.05,85.0
10.0,-30.0,10.0,0.05,85.0
30.0,-30.0,10.0,0.05,85.0
50.0,-30.0,10.0,0.05,85.0
70.0,-30.0,10.0,0.05,85.0
90.0,-30.0,10.0,0.05,85.0
110.0,-30.0,10.0,0.05,85.0
130.0,-30.0,10.0,0.05,85.0
150.0,-30.0,10.0,0.05,85.0
170.0,-30.0,10.0,0.05,85.0
190.0,-30.0,10.0,0.05,85.0
210.0,-30.0,10.0,0.05,85.0
230.0,-30.0,10.0,0.05,85.0
250.0,-30.0,10.0,0.05,85.0
270.0,-30.0,10.0,0.05,85.0
290.0,-30.0,10.0,0.05,85.0
310.0,-30.0,10.0,0.05,85.0
330.0,-30.0,10.0,0.05,85.0
350.0,-30.0,10.0,0.05,85.0
370.0,-30.0,10.0,0.05,85.0
390.0,-30.0,10.0,0.05,85.0
410.0,-30.0,10.0,0.05,85.0
430.0,-30.0,10.0,0.05,85.0
450.0,-30.0,10.0,0.05,85.0
470.0,-30.0,10.0,0.05,85.0
490.0,-30.0,10.0,0.05,85.0
-490.0,-10.0,10.0,0.05,85.0
-470.0,-10.0,10.0,0.05,85.0
-450.0,-10.0,10.0,0.05,85.0
-430.0,-10.0,10.0,0.05,85.0
-410.0,-10.0,10.0,0.05,85.0
-390.0,-10.0,10.0,0.05,85.0
-370.0,-10.0,10.0,0.05,85.0
-350.0,-10.0,10.0,0.05,85.0
-330.0,-10.0,10.0,0.05,85.0
-310.0,-10.0,10.0,0.05,85.0
-290.0,-10.0,10.0,0.05,85.0
-270.0,-10.0,10.0,0.05,85.0
-250.0,-10.0,10.0,0.05,85.0
-230.0,-10.0,10.0,0.05,85.0
-210.0,-10.0,10.0,0.05,85.0
-190.0,-10.0,10.0,0.05,85.0
-170.0,-10.0,10.0,0.05,85.0
-150.0,-10.0,10.0,0.05,85.0
-130.0,-10.0,10.0,0.05,85.0
-110.0,-10.0,10.0,0.05,85.0
-90.0,-10.0,10.0,0.05,85.0
-70.0,-10.0,10.0,0.05,85.0
-50.0,-10.0,10.0,0.05,85.0
-30.0,-10.0,10.0,0.05,85.0
-10.0,-10.0,10.0,0.05,85.0
10.0,-10.0,10.0,0.05,85.0
30.0,-10.0,10.0,0.05,85.0
50.0,-10.0,10.0,0.05,85.0
70.0,-10.0,10.0,0.05,85.0
90.0,-10.0,10.0,0.05,85.0
110.0,-10.0,10.0,0.05,85.0
130.0,-10.0,10.0,0.05,85.0
150.0,-10.0,10.0,0.05,85.0
170.0,-10.0,10.0,0.05,85.0
190.0,-10.0,10.0,0.05,85.0
210.0,-10.0,10.0,0.05,85.0
230.0,-10.0,10.0,0.05,85.0
250.0,-10.0,10.0,0.05,85.0
270.0,-10.0,10.0,0.05,85.0
290.0,-10.0,10.0,0.05,85.0
310.0,-10.0,10.0,0.05,85.0
330.0,-10.0,10.0,0.05,85.0
350.0,-10.0,10.0,0.05,85.0
370.0,-10.0,10.0,0.05,85.0
390.0,-10.0,10.0,0.05,85.0
410.0,-10.0,10.0,0.05,85.0
430.0,-10.0,10.0,0.05,85.0
450.0,-10.0,10.0,0.05,85.0
470.0,-10.0,10.0,0.05,85.0
490.0,-10.0,10.0,0.05,85.0
-490.0,10.0,10.0,0.05,85.0
-470.0,10.0,10.0,0.05,85.0
-450.0,10.0,10.0,0.05,85.0
-430.0,10.0,10.0,0.05,85.0
-410.0,10.0,10.0,0.05,85.0
-390.0,10.0,10.0,0.05,85.0
-370.0,10.0,10.0,0.05,85.0
-350.0,10.0,10.0,0.05,85.0
-330.0,10.0,10.0,0.05,85.0
-310.0,10.0,10.0,0.05,85.0
-290.0,10.0,10.0,0.05,85.0
-270.0,10.0,10.0,0.05,85.0
-250.0,10.0,10.0,0.05,85.0
-230.0,10.0,10.0,0.05,85.0
-210.0,10.0,10.0,0.05,85.0
-190.0,10.0,10.0,0.05,85.0
-170.0,10.0,10.0,0.05,85.0
-150.0,10.0,10.0,0.05,85.0
-130.0,10.0,10.0,0.05,85.0
-110.0,10.0,10.0,0.05,85.0
-90.0,10.0,10.0,0.05,85.0
-70.0,10.0,10.0,0.05,85.0
-50.0,10.0,10.0,0.05,85.0
-30.0,10.0,10.0,0.05,85.0
-10.0,10.0,10.0,0.05,85.0
10.0,10.0,10.0,0.05,85.0
30.0,10.0,10.0,0.05,85.0
50.0,10.0,10.0,0.05,85.0
70.0,10.0,10.0,0.05,85.0
90.0,10.0,10.0,0.05,85.0
110.0,10.0,10.0,0.05,85.0
130.0,10.0,10.0,0.05,85.0
150.0,10.0,10.0,0.05,85.0
170.0,10.0,10.0,0.05,85.0
190.0,10.0,10.0,0.05,85.0
210.0,10.0,10.0,0.05,85.0
230.0,10.0,10.0,0.05,85.0
250.0,10.0,10.0,0.05,85.0
270.0,10.0,10.0,0.05,85.0
290.0,10.0,10.0,0.05,85.0
310.0,10.0,10.0,0.05,85.0
330.0,10.0,10.0,0.05,85.0
350.0,10.0,10.0,0.05,85.0
370.0,10.0,10.0,0.05,85.0
390.0,10.0,10.0,0.05,85.0
410.0,10.0,10.0,0.05,85.0
430.0,10.0,10.0,0.05,85.0
450.0,10.0,10.0,0.05,85.0
470.0,10.0,10.0,0.05,85.0
490.0,10.0,10.0,0.05,85.0
-490.0,30.0,10.0,0.05,85.0
-470.0,30.0,10.0,0.05,85.0
-450.0,30.0,10.0,0.05,85.0
-430.0,30.0,10.0,0.05,85.0
-410.0,30.0,10.0,0.05,85.0
-390.0,30.0,10.0,0.05,85.0
-370.0,30.0,10.0,0.05,85.0
-350.0,30.0,10.0,0.05,85.0
-330.0,30.0,10.0,0.05,85.0
-310.0,30.0,10.0,0.05,85.0
-290.0,30.0,10.0,0.05,85.0
-270.0,30.0,10.0,0.05,85.0
-250.0,30.0,10.0,0.05,85.0
-230.0,30.0,10.0,0.05,85.0
-210.0,30.0,10.0,0.05,85.0
-190.0,30.0,10.0,0.05,85.0
-170.0,30.0,10.0,0.05,85.0
-150.0,30.0,10.0,0.05,85.0
-130.0,30.0,10.0,0.05,85.0
-110.0,30.0,10.0,0.05,85.0
-90.0,30.0,10.0,0.05,85.0
-70.0,30.0,10.0,0.05,85.0
-50.0,30.0,10.0,0.05,85.0
-30.0,30.0,10.0,0.05,85.0
-10.0,30.0,10.0,0.05,85.0
10.0,30.0,10.0,0.05,85.0
30.0,30.0,10.0,0.05,85.0
50.0,30.0,10.0,0.05,85.0
70.0,30.0,10.0,0.05,85.0
90.0,30.0,10.0,0.05,85.0
110.0,30.0,10.0,0.05,85.0
130.0,30.0,10.0,0.05,85.0
150.0,30.0,10.0,0.05,85.0
170.0,30.0,10.0,0.05,85.0
190.0,30.0,10.0,0.05,85.0
210.0,30.0,10.0,0.05,85.0
230.0,30.0,10.0,0.05,85.0
250.0,30.0,10.0,0.05,85.0
270.0,30.0,10.0,0.05,85.0
290.0,30.0,10.0,0.05,85.0
310.0,30.0,10.0,0.05,85.0
330.0,30.0,10.0,0.05,85.0
350.0,30.0,10.0,0.05,85.0
370.0,30.0,10.0,0.05,85.0
390.0,30.0,10.0,0.05,85.0
410.0,30.0,10.0,0.05,85.0
430.0,30.0,10.0,0.05,85.0
450.0,30.0,10.0,0.05,85.0
470.0,30.0,10.0,0.05,85.0
490.0,30.0,10.0,0.05,85.0
-490.0,50.0,10.0,0.05,85.0
-470.0,50.0,10.0,0.05,85.0
-450.0,50.0,10.0,0.05,85.0
-430.0,50.0,10.0,0.05,85.0
-410.0,50.0,10.0,0.05,85.0
-390.0,50.0,10.0,0.05,85.0
-370.0,50.0,10.0,0.05,85.0
-350.0,50.0,10.0,0.05,85.0
-330.0,50.0,10.0,0.05,85.0
-310.0,50.0,10.0,0.05,85.0
-290.0,50.0,10.0,0.05,85.0
-270.0,50.0,10.0,0.05,85.0
-250.0,50.0,10.0,0.05,85.0
-230.0,50.0,10.0,0.05,85.0
-210.0,50.0,10.0,0.05,85.0
-190.0,50.0,10.0,0.05,85.0
-170.0,50.0,10.0,0.05,85.0
-150.0,50.0,10.0,0.05,85.0
-130.0,50.0,10.0,0.05,85.0
-110.0,50.0,10.0,0.05,85.0
-90.0,50.0,10.0,0.05,85.0
-70.0,50.0,10.0,0.05,85.0
-50.0,50.0,10.0,0.05,85.0
-30.0,50.0,10.0,0.05,85.0
-10.0,50.0,10.0,0.05,85.0
10.0,50.0,10.0,0.05,85.0
30.0,50.0,10.0,0.05,85.0
50.0,50.0,10.0,0.05,85.0
70.0,50.0,10.0,0.05,85.0
90.0,50.0,10.0,0.05,85.0
110.0,50.0,10.0,0.05,85.0
130.0,50.0,10.0,0.05,85.0
150.0,50.0,10.0,0.05,85.0
170.0,50.0,10.0,0.05,85.0
190.0,50.0,10.0,0.05,85.0
210.0,50.0,10.0,0.05,85.0
230.0,50.0,10.0,0.05,85.0
250.0,50.0,10.0,0.05,85.0
270.0,50.0,10.0,0.05,85.0
290.0,50.0,10.0,0.05,85.0
310.0,50.0,10.0,0.05,85.0
330.0,50.0,10.0,0.05,85.0
350.0,50.0,10.0,0.05,85.0
370.0,50.0,10.0,0.05,85.0
390.0,50.0,10.0,0.05,85.0
410.0,50.0,10.0,0.05,85.0
430.0,50.0,10.0,0.05,85.0
450.0,50.0,10.0,0.05,85.0
470.0,50.0,10.0,0.05,85.0
490.0,50.0,10.0,0.05,85.0
-490.0,70.0,10.0,0.05,85.0
-470.0,70.0,10.0,0.05,85.0
-450.0,70.0,10.0,0.05,85.0
-430.0,70.0,10.0,0.05,85.0
-410.0,70.0,10.0,0.05,85.0
-390.0,70.0,10.0,0.05,85.0
-370.0,70.0,10.0,0.05,85.0
-350.0,70.0,10.0,0.05,85.0
-330.0,70.0,10.0,0.05,85.0
-310.0,70.0,10.0,0.05,85.0
-290.0,70.0,10.0,0.05,85.0
-270.0,70.0,10.0,0.05,85.0
-250.0,70.0,10.0,0.05,85.0
-230.0,70.0,10.0,0.05,85.0
-210.0,70.0,10.0,0.05,85.0
-190.0,70.0,10.0,0.05,85.0
-170.0,70.0,10.0,0.05,85.0
-150.0,70.0,10.0,0.05,85.0
-130.0,70.0,10.0,0.05,85.0
-110.0,70.0,10.0,0.05,85.0
-90.0,70.0,10.0,0.05,85.0
-70.0,70.0,10.0,0.05,85.0
-50.0,70.0,10.0,0.05,85.0
-30.0,70.0,10.0,0.05,85.0
-10.0,70.0,10.0,0.05,85.0
10.0,70.0,10.0,0.05,85.0
30.0,70.0,10.0,0.05,85.0
50.0,70.0,10.0,0.05,85.0
70.0,70.0,10.0,0.05,85.0
90.0,70.0,10.0,0.05,85.0
110.0,70.0,10.0,0.05,85.0
130.0,70.0,10.0,0.05,85.0
150.0,70.0,10.0,0.05,85.0
170.0,70.0,10.0,0.05,85.0
190.0,70.0,10.0,0.05,85.0
210.0,70.0,10.0,0.05,85.0
230.0,70.0,10.0,0.05,85.0
250.0,70.0,10.0,0.05,85.0
270.0,70.0,10.0,0.05,85.0
290.0,70.0,10.0,0.05,85.0
310.0,70.0,10.0,0.05,85.0
330.0,70.0,10.0,0.05,85.0
350.0,70.0,10.0,0.05,85.0
370.0,70.0,10.0,0.05,85.0
390.0,70.0,10.0,0.05,85.0
410.0,70.0,10.0,0.05,85.0
430.0,70.0,10.0,0.05,85.0
450.0,70.0,10.0,0.05,85.0
470.0,70.0,10.0,0.05,85.0
490.0,70.0,10.0,0.05,85.0
-490.0,90.0,10.0,0.05,85.0
-470.0,90.0,10.0,0.05,85.0
-450.0,90.0,10.0,0.05,85.0
-430.0,90.0,10.0,0.05,85.0
-410.0,90.0,10.0,0.05,85.0
-390.0,90.0,10.0,0.05,85.0
-370.0,90.0,10.0,0.05,85.0
-350.0,90.0,10.0,0.05,85.0
-330.0,90.0,10.0,0.05,85.0
-310.0,90.0,10.0,0.05,85.0
-290.0,90.0,10.0,0.05,85.0
-270.0,90.0,10.0,0.05,85.0
-250.0,90.0,10.0,0.05,85.0
-230.0,90.0,10.0,0.05,85.0
-210.0,90.0,10.0,0.05,85.0
-190.0,90.0,10.0,0.05,85.0
-170.0,90.0,10.0,0.05,85.0
-150.0,90.0,10.0,0.05,85.0
-130.0,90.0,10.0,0.05,85.0
-110.0,90.0,10.0,0.05,85.0
-90.0,90.0,10.0,0.05,85.0
-70.0,90.0,10.0,0.05,85.0
-50.0,90.0,10.0,0.05,85.0
-30.0,90.0,10.0,0.05,85.0
-10.0,90.0,10.0,0.05,85.0
10.0,90.0,10.0,0.05,85.0
30.0,90.0,10.0,0.05,85.0
50.0,90.0,10.0,0.05,85.0
70.0,90.0,10.0,0.05,85.0
90.0,90.0,10.0,0.05,85.0
110.0,90.0,10.0,0.05,85.0
130.0,90.0,10.0,0.05,85.0
150.0,90.0,10.0,0.05,85.0
170.0,90.0,10.0,0.05,85.0
190.0,90.0,10.0,0.05,85.0
210.0,90.0,10.0,0.05,85.0
230.0,90.0,10.0,0.05,85.0
250.0,90.0,10.0,0.05,85.0
270.0,90.0,10.0,0.05,85.0
290.0,90.0,10.0,0.05,85.0
310.0,90.0,10.0,0.05,85.0
330.0,90.0,10.0,0.05,85.0
350.0,90.0,10.0,0.05,85.0
370.0,90.0,10.0,0.05,85.0
390.0,90.0,10.0,0.05,85.0
410.0,90.0,10.0,0.05,85.0
430.0,90.0,10.0,0.05,85.0
450.0,90.0,10.0,0.05,85.0
470.0,90.0,10.0,0.05,85.0
490.0,90.0,10.0,0.05,85.0
-490.0,110.0,10.0,0.05,85.0
-470.0,110.0,10.0,0.05,85.0
-450.0,110.0,10.0,0.05,85.0
-430.0,110.0,10.0,0.05,85.0
-410.0,110.0,10.0,0.05,85.0
-390.0,110.0,10.0,0.05,85.0
-370.0,110.0,10.0,0.05,85.0
-350.0,110.0,10.0,0.05,85.0
-330.0,110.0,10.0,0.05,85.0
-310.0,110.0,10.0,0.05,85.0
-290.0,110.0,10.0,0.05,85.0
-270.0,110.0,10.0,0.05,85.0
-250.0,110.0,10.0,0.05,85.0
-230.0,110.0,10.0,0.05,85.0
-210.0,110.0,10.0,0.05,85.0
-190.0,110.0,10.0,0.05,85.0
-170.0,110.0,10.0,0.05,85.0
-150.0,110.0,10.0,0.05,85.0
-130.0,110.0,10.0,0.05,85.0
-110.0,110.0,10.0,0.05,85.0
-90.0,110.0,10.0,0.05,85.0
-70.0,110.0,10.0,0.05,85.0
-50.0,110.0,10.0,0.05,85.0
-30.0,110.0,10.0,0.05,85.0
-10.0,110.0,10.0,0.05,85.0
10.0,110.0,10.0,0.05,85.0
30.0,110.0,10.0,0.05,85.0
50.0,110.0,10.0,0.05,85.0
70.0,110.0,10.0,0.05,85.0
90.0,110.0,10.0,0.05,85.0
110.0,110.0,10.0,0.05,85.0
130.0,110.0,10.0,0.05,85.0
150.0,110.0,10.0,0.05,85.0
170.0,110.0,10.0,0.05,85.0
190.0,110.0,10.0,0.05,85.0
210.0,110.0,10.0,0.05,85.0
230.0,110.0,10.0,0.05,85.0
250.0,110.0,10.0,0.05,85.0
270.0,110.0,10.0,0.05,85.0
290.0,110.0,10.0,0.05,85.0
310.0,110.0,10.0,0.05,85.0
330.0,110.0,10.0,0.05,85.0
350.0,110.0,10.0,0.05,85.0
370.0,110.0,10.0,0.05,85.0
390.0,110.0,10.0,0.05,85.0
410.0,110.0,10.0,0.05,85.0
430.0,110.0,10.0,0.05,85.0
450.0,110.0,10.0,0.05,85.0
470.0,110.0,10.0,0.05,85.0
490.0,110.0,10.0,0.05,85.0
-490.0,130.0,10.0,0.05,85.0
-470.0,130.0,10.0,0.05,85.0
-450.0,130.0,10.0,0.05,85.0
-430.0,130.0,10.0,0.05,85.0
-410.0,130.0,10.0,0.05,85.0
-390.0,130.0,10.0,0.05,85.0
-370.0,130.0,10.0,0.05,85.0
-350.0,130.0,10.0,0.05,85.0
-330.0,130.0,10.0,0.05,85.0
-310.0,130.0,10.0,0.05,85.0
-290.0,130.0,10.0,0.05,85.0
-270.0,130.0,10.0,0.05,85.0
-250.0,130.0,10.0,0.05,85.0
-230.0,130.0,10.0,0.05,85.0
-210.0,130.0,10.0,0.05,85.0
-190.0,130.0,10.0,0.05,85.0
-170.0,130.0,10.0,0.05,85.0
-150.0,130.0,10.0,0.05,85.0
-130.0,130.0,10.0,0.05,85.0
-110.0,130.0,10.0,0.05,85.0
-90.0,130.0,10.0,0.05,85.0
-70.0,130.0,10.0,0.05,85.0
-50.0,130.0,10.0,0.05,85.0
-30.0,130.0,10.0,0.05,85.0
-10.0,130.0,10.0,0.05,85.0
10.0,130.0,10.0,0.05,85.0
30.0,130.0,10.0,0.05,85.0
50.0,130.0,10.0,0.05,85.0
70.0,130.0,10.0,0.05,85.0
90.0,130.0,10.0,0.05,85.0
110.0,130.0,10.0,0.05,85.0
130.0,130.0,10.0,0.05,85.0
150.0,130.0,10.0,0.05,85.0
170.0,130.0,10.0,0.05,85.0
190.0,130.0,10.0,0.05,85.0
210.0,130.0,10.0,0.05,85.0
230.0,130.0,10.0,0.05,85.0
250.0,130.0,10.0,0.05,85.0
270.0,130.0,10.0,0.05,85.0
290.0,130.0,10.0,0.05,85.0
310.0,130.0,10.0,0.05,85.0
330.0,130.0,10.0,0.05,85.0
350.0,130.0,10.0,0.05,85.0
370.0,130.0,10.0,0.05,85.0
390.0,130.0,10.0,0.05,85.0
410.0,130.0,10.0,0.05,85.0
430.0,130.0,10.0,0.05,85.0
450.0,130.0,10.0,0.05,85.0
470.0,130.0,10.0,0.05,85.0
490.0,130.0,10.0,0.05,85.0
-490.0,150.0,10.0,0.05,85.0
-470.0,150.0,10.0,0.05,85.0
-450.0,150.0,10.0,0.05,85.0
-430.0,150.0,10.0,0.05,85.0
-410.0,150.0,10.0,0.05,85.0
-390.0,150.0,10.0,0.05,85.0
-370.0,150.0,10.0,0.05,85.0
-350.0,150.0,10.0,0.05,85.0
-330.0,150.0,10.0,0.05,85.0
-310.0,150.0,10.0,0.05,85.0
-290.0,150.0,10.0,0.05,85.0
-270.0,150.0,10.0,0.05,85.0
-250.0,150.0,10.0,0.05,85.0
-230.0,150.0,10.0,0.05,85.0
-210.0,150.0,10.0,0.05,85.0
-190.0,150.0,10.0,0.05,85.0
-170.0,150.0,10.0,0.05,85.0
-150.0,150.0,10.0,0.05,85.0
-130.0,150.0,10.0,0.05,85.0
-110.0,150.0,10.0,0.05,85.0
-90.0,150.0,10.0,0.05,85.0
-70.0,150.0,10.0,0.05,85.0
-50.0,150.0,10.0,0.05,85.0
-30.0,150.0,10.0,0.05,85.0
-10.0,150.0,10.0,0.05,85.0
10.0,150.0,10.0,0.05,85.0
30.0,150.0,10.0,0.05,85.0
50.0,150.0,10.0,0.05,85.0
70.0,150.0,10.0,0.05,85.0
90.0,150.0,10.0,0.05,85.0
110.0,150.0,10.0,0.05,85.0
130.0,150.0,10.0,0.05,85.0
150.0,150.0,10.0,0.05,85.0
170.0,150.0,10.0,0.05,85.0
190.0,150.0,10.0,0.05,85.0
210.0,150.0,10.0,0.05,85.0
230.0,150.0,10.0,0.05,85.0
250.0,150.0,10.0,0.05,85.0
270.0,150.0,10.0,0.05,85.0
290.0,150.0,10.0,0.05,85.0
310.0,150.0,10.0,0.05,85.0
330.0,150.0,10.0,0.05,85.0
350.0,150.0,10.0,0.05,85.0
370.0,150.0,10.0,0.05,85.0
390.0,150.0,10.0,0.05,85.0
410.0,150.0,10.0,0.05,85.0
430.0,150.0,10.0,0.05,85.0
450.0,150.0,10.0,0.05,85.0
470.0,150.0,10.0,0.05,85.0
490.0,150.0,10.0,0.05,85.0
-490.0,170.0,10.0,0.05,85.0
-470.0,170.0,10.0,0.05,85.0
-450.0,170.0,10.0,0.05,85.0
-430.0,170.0,10.0,0.05,85.0
-410.0,170.0,10.0,0.05,85.0
-390.0,170.0,10.0,0.05,85.0
-370.0,170.0,10.0,0.05,85.0
-350.0,170.0,10.0,0.05,85.0
-330.0,170.0,10.0,0.05,85.0
-310.0,170.0,10.0,0.05,85.0
-290.0,170.0,10.0,0.05,85.0
-270.0,170.0,10.0,0.05,85.0
-250.0,170.0,10.0,0.05,85.0
-230.0,170.0,10.0,0.05,85.0
-210.0,170.0,10.0,0.05,85.0
-190.0,170.0,10.0,0.05,85.0
-170.0,170.0,10.0,0.05,85.0
-150.0,170.0,10.0,0.05,85.0
-130.0,170.0,10.0,0.05,85.0
-110.0,170.0,10.0,0.05,85.0
-90.0,170.0,10.0,0.05,85.0
-70.0,170.0,10.0,0.05,85.0
-50.0,170.0,10.0,0.05,85.0
-30.0,170.0,10.0,0.05,85.0
-10.0,170.0,10.0,0.05,85.0
10.0,170.0,10.0,0.05,85.0
30.0,170.0,10.0,0.05,85.0
50.0,170.0,10.0,0.05,85.0
70.0,170.0,10.0,0.05,85.0
90.0,170.0,10.0,0.05,85.0
110.0,170.0,10.0,0.05,85.0
130.0,170.0,10.0,0.05,85.0
150.0,170.0,10.0,0.05,85.0
170.0,170.0,10.0,0.05,85.0
190.0,170.0,10.0,0.05,85.0
210.0,170.0,10.0,0.05,85.0
230.0,170.0,10.0,0.05,85.0
250.0,170.0,10.0,0.05,85.0
270.0,170.0,10.0,0.05,85.0
290.0,170.0,10.0,0.05,85.0
310.0,170.0,10.0,0.05,85.0
330.0,170.0,10.0,0.05,85.0
350.0,170.0,10.0,0.05,85.0
370.0,170.0,10.0,0.05,85.0
390.0,170.0,10.0,0.05,85.0
410.0,170.0,10.0,0.05,85.0
430.0,170.0,10.0,0.05,85.0
450.0,170.0,10.0,0.05,85.0
470.0,170.0,10.0,0.05,85.0
490.0,170.0,10.0,0.05,85.0
-490.0,190.0,10.0,0.05,85.0
-470.0,190.0,10.0,0.05,85.0
-450.0,190.0,10.0,0.05,85.0
-430.0,190.0,10.0,0.05,85.0
-410.0,190.0,10.0,0.05,85.0
-390.0,190.0,10.0,0.05,85.0
-370.0,190.0,10.0,0.05,85.0
-350.0,190.0,10.0,0.05,85.0
-330.0,190.0,10.0,0.05,85.0
-310.0,190.0,10.0,0.05,85.0
-290.0,190.0,10.0,0.05,85.0
-270.0,190.0,10.0,0.05,85.0
-250.0,190.0,10.0,0.05,85.0
-230.0,190.0,10.0,0.05,85.0
-210.0,190.0,10.0,0.05,85.0
-190.0,190.0,10.0,0.05,85.0
-170.0,190.0,10.0,0.05,85.0
-150.0,190.0,10.0,0.05,85.0
-130.0,190.0,10.0,0.05,85.0
-110.0,190.0,10.0,0.05,85.0
-90.0,190.0,10.0,0.05,85.0
-70.0,190.0,10.0,0.05,85.0
-50.0,190.0,10.0,0.05,85.0
-30.0,190.0,10.0,0.05,85.0
-10.0,190.0,10.0,0.05,85.0
10.0,190.0,10.0,0.05,85.0
30.0,190.0,10.0,0.05,85.0
50.0,190.0,10.0,0.05,85.0
70.0,190.0,10.0,0.05,85.0
90.0,190.0,10.0,0.05,85.0
110.0,190.0,10.0,0.05,85.0
130.0,190.0,10.0,0.05,85.0
150.0,190.0,10.0,0.05,85.0
170.0,190.0,10.0,0.05,85.0
190.0,190.0,10.0,0.05,85.0
210.0,190.0,10.0,0.05,85.0
230.0,190.0,10.0,0.05,85.0
250.0,190.0,10.0,0.05,85.0
270.0,190.0,10.0,0.05,85.0
290.0,190.0,10.0,0.05,85.0
310.0,190.0,10.0,0.05,85.0
330.0,190.0,10.0,0.05,85.0
350.0,190.0,10.0,0.05,85.0
370.0,190.0,10.0,0.05,85.0
390.0,190.0,10.0,0.05,85.0
410.0,190.0,10.0,0.05,85.0
430.0,190.0,10.0,0.05,85.0
450.0,190.0,10.0,0.05,85.0
470.0,190.0,10.0,0.05,85.0
490.0,190.0,10.0,0.05,85.0
-490.0,210.0,10.0,0.05,85.0
-470.0,210.0,10.0,0.05,85.0
-450.0,210.0,10.0,0.05,85.0
-430.0,210.0,10.0,0.05,85.0
-410.0,210.0,10.0,0.05,85.0
-390.0,210.0,10.0,0.05,85.0
-370.0,210.0,10.0,0.05,85.0
-350.0,210.0,10.0,0.05,85.0
-330.0,210.0,10.0,0.05,85.0
-310.0,210.0,10.0,0.05,85.0
-290.0,210.0,10.0,0.05,85.0
-270.0,210.0,10.0,0.05,85.0
-250.0,210.0,10.0,0.05,85.0
-230.0,210.0,10.0,0.05,85.0
-210.0,210.0,10.0,0.05,85.0
-190.0,210.0,10.0,0.05,85.0
-170.0,210.0,10.0,0.05,85.0
-150.0,210.0,10.0,0.05,85.0
-130.0,210.0,10.0,0.05,85.0
-110.0,210.0,10.0,0.05,85.0
-90.0,210.0,10.0,0.05,85.0
-70.0,210.0,10.0,0.05,85.0
-50.0,210.0,10.0,0.05,85.0
-30.0,210.0,10.0,0.05,85.0
-10.0,210.0,10.0,0.05,85.0
10.0,210.0,10.0,0.05,85.0
30.0,210.0,10.0,0.05,85.0
50.0,210.0,10.0,0.05,85.0
70.0,210.0,10.0,0.05,85.0
90.0,210.0,10.0,0.05,85.0
110.0,210.0,10.0,0.05,85.0
130.0,210.0,10.0,0.05,85.0
150.0,210.0,10.0,0.05,85.0
170.0,210.0,10.0,0.05,85.0
190.0,210.0,10.0,0.05,85.0
210.0,210.0,10.0,0.05,85.0
230.0,210.0,10.0,0.05,85.0
250.0,210.0,10.0,0.05,85.0
270.0,210.0,10.0,0.05,85.0
290.0,210.0,10.0,0.05,85.0
310.0,210.0,10.0,0.05,85.0
330.0,210.0,10.0,0.05,85.0
350.0,210.0,10.0,0.05,85.0
370.0,210.0,10.0,0.05,85.0
390.0,210.0,10.0,0.05,85.0
410.0,210.0,10.0,0.05,85.0
430.0,210.0,10.0,0.05,85.0
450.0,210.0,10.0,0.05,85.0
470.0,210.0,10.0,0.05,85.0
490.0,210.0,10.0,0.05,85.0
-490.0,230.0,10.0,0.05,85.0
-470.0,230.0,10.0,0.05,85.0
-450.0,230.0,10.0,0.05,85.0
-430.0,230.0,10.0,0.05,85.0
-410.0,230.0,10.0,0.05,85.0
-390.0,230.0,10.0,0.05,85.0
-370.0,230.0,10.0,0.05,85.0
-350.0,230.0,10.0,0.05,85.0
-330.0,230.0,10.0,0.05,85.0
-310.0,230.0,10.0,0.05,85.0
-290.0,230.0,10.0,0.05,85.0
-270.0,230.0,10.0,0.05,85.0
-250.0,230.0,10.0,0.05,85.0
-230.0,230.0,10.0,0.05,85.0
-210.0,230.0,10.0,0.05,85.0
-190.0,230.0,10.0,0.05,85.0
-170.0,230.0,10.0,0.05,85.0
-150.0,230.0,10.0,0.05,85.0
-130.0,230.0,10.0,0.05,85.0
-110.0,230.0,10.0,0.05,85.0
-90.0,230.0,10.0,0.05,85.0
-70.0,230.0,10.0,0.05,85.0
-50.0,230.0,10.0,0.05,85.0
-30.0,230.0,10.0,0.05,85.0
-10.0,230.0,10.0,0.05,85.0
10.0,230.0,10.0,0.05,85.0
30.0,230.0,10.0,0.05,85.0
50.0,230.0,10.0,0.05,85.0
70.0,230.0,10.0,0.05,85.0
90.0,230.0,10.0,0.05,85.0
110.0,230.0,10.0,0.05,85.0
130.0,230.0,10.0,0.05,85.0
150.0,230.0,10.0,0.05,85.0
170.0,230.0,10.0,0.05,85.0
190.0,230.0,10.0,0.05,85.0
210.0,230.0,10.0,0.05,85.0
230.0,230.0,10.0,0.05,85.0
250.0,230.0,10.0,0.05,85.0
270.0,230.0,10.0,0.05,85.0
290.0,230.0,10.0,0.05,85.0
310.0,230.0,10.0,0.05,85.0
330.0,230.0,10.0,0.05,85.0
350.0,230.0,10.0,0.05,85.0
370.0,230.0,10.0,0.05,85.0
390.0,230.0,10.0,0.05,85.0
410.0,230.0,10.0,0.05,85.0
430.0,230.0,10.0,0.05,85.0
450.0,230.0,10.0,0.05,85.0
470.0,230.0,10.0,0.05,85.0
490.0,230.0,10.0,0.05,85.0
-490.0,250.0,10.0,0.05,85.0
-470.0,250.0,10.0,0.05,85.0
-450.0,250.0,10.0,0.05,85.0
-430.0,250.0,10.0,0.05,85.0
-410.0,250.0,10.0,0.05,85.0
-390.0,250.0,10.0,0.05,85.0
-370.0,250.0,10.0,0.05,85.0
-350.0,250.0,10.0,0.05,85.0
-330.0,250.0,10.0,0.05,85.0
-310.0,250.0,10.0,0.05,85.0
-290.0,250.0,10.0,0.05,85.0
-270.0,250.0,10.0,0.05,85.0
-250.0,250.0,10.0,0.05,85.0
-230.0,250.0,10.0,0.05,85.0
-210.0,250.0,10.0,0.05,85.0
-190.0,250.0,10.0,0.05,85.0
-170.0,250.0,10.0,0.05,85.0
-150.0,250.0,10.0,0.05,85.0
-130.0,250.0,10.0,0.05,85.0
-110.0,250.0,10.0,0.05,85.0
-90.0,250.0,10.0,0.05,85.0
-70.0,250.0,10.0,0.05,85.0
-50.0,250.0,10.0,0.05,85.0
-30.0,250.0,10.0,0.05,85.0
-10.0,250.0,10.0,0.05,85.0
10.0,250.0,10.0,0.05,85.0
30.0,250.0,10.0,0.05,85.0
50.0,250.0,10.0,0.05,85.0
70.0,250.0,10.0,0.05,85.0
90.0,250.0,10.0,0.05,85.0
110.0,250.0,10.0,0.05,85.0
130.0,250.0,10.0,0.05,85.0
150.0,250.0,10.0,0.05,85.0
170.0,250.0,10.0,0.05,85.0
190.0,250.0,10.0,0.05,85.0
210.0,250.0,10.0,0.05,85.0
230.0,250.0,10.0,0.05,85.0
250.0,250.0,10.0,0.05,85.0
270.0,250.0,10.0,0.05,85.0
290.0,250.0,10.0,0.05,85.0
310.0,250.0,10.0,0.05,85.0
330.0,250.0,10.0,0.05,85.0
350.0,250.0,10.0,0.05,85.0
370.0,250.0,10.0,0.05,85.0
390.0,250.0,10.0,0.05,85.0
410.0,250.0,10.0,0.05,85.0
430.0,250.0,10.0,0.05,85.0
450.0,250.0,10.0,0.05,85.0
470.0,250.0,10.0,0.05,85.0
490.0,250.0,10.0,0.05,85.0
-490.0,270.0,10.0,0.05,85.0
-470.0,270.0,10.0,0.05,85.0
-450.0,270.0,10.0,0.05,85.0
-430.0,270.0,10.0,0.05,85.0
-410.0,270.0,10.0,0.05,85.0
-390.0,270.0,10.0,0.05,85.0
-370.0,270.0,10.0,0.05,85.0
-350.0,270.0,10.0,0.05,85.0
-330.0,270.0,10.0,0.05,85.0
-310.0,270.0,10.0,0.05,85.0
-290.0,270.0,10.0,0.05,85.0
-270.0,270.0,10.0,0.05,85.0
-250.0,270.0,10.0,0.05,85.0
-230.0,270.0,10.0,0.05,85.0
-210.0,270.0,10.0,0.05,85.0
-190.0,270.0,10.0,0.05,85.0
-170.0,270.0,10.0,0.05,85.0
-150.0,270.0,10.0,0.05,85.0
-130.0,270.0,10.0,0.05,85.0
-110.0,270.0,10.0,0.05,85.0
-90.0,270.0,10.0,0.05,85.0
-70.0,270.0,10.0,0.05,85.0
-50.0,270.0,10.0,0.05,85.0
-30.0,270.0,10.0,0.05,85.0
-10.0,270.0,10.0,0.05,85.0
10.0,270.0,10.0,0.05,85.0
30.0,270.0,10.0,0.05,85.0
50.0,270.0,10.0,0.05,85.0
70.0,270.0,10.0,0.05,85.0
90.0,270.0,10.0,0.05,85.0
110.0,270.0,10.0,0.05,85.0
130.0,270.0,10.0,0.05,85.0
150.0,270.0,10.0,0.05,85.0
170.0,270.0,10.0,0.05,85.0
190.0,270.0,10.0,0.05,85.0
210.0,270.0,10.0,0.05,85.0
230.0,270.0,10.0,0.05,85.0
250.0,270.0,10.0,0.05,85.0
270.0,270.0,10.0,0.05,85.0
290.0,270.0,10.0,0.05,85.0
310.0,270.0,10.0,0.05,85.0
330.0,270.0,10.0,0.05,85.0
350.0,270.0,10.0,0.05,85.0
370.0,270.0,10.0,0.05,85.0
390.0,270.0,10.0,0.05,85.0
410.0,270.0,10.0,0.05,85.0
430.0,270.0,10.0,0.05,85.0
450.0,270.0,10.0,0.05,85.0
470.0,270.0,10.0,0.05,85.0
490.0,270.0,10.0,0.05,85.0
-490.0,290.0,10.0,0.05,85.0
-470.0,290.0,10.0,0.05,85.0
-450.0,290.0,10.0,0.05,85.0
-430.0,290.0,10.0,0.05,85.0
-410.0,290.0,10.0,0.05,85.0
-390.0,290.0,10.0,0.05,85.0
-370.0,290.0,10.0,0.05,85.0
-350.0,290.0,10.0,0.05,85.0
-330.0,290.0,10.0,0.05,85.0
-310.0,290.0,10.0,0.05,85.0
-290.0,290.0,10.0,0.05,85.0
-270.0,290.0,10.0,0.05,85.0
-250.0,290.0,10.0,0.05,85.0
-230.0,290.0,10.0,0.05,85.0
-210.0,290.0,10.0,0.05,85.0
-190.0,290.0,10.0,0.05,85.0
-170.0,290.0,10.0,0.05,85.0
-150.0,290.0,10.0,0.05,85.0
-130.0,290.0,10.0,0.05,85.0
-110.0,290.0,10.0,0.05,85.0
-90.0,290.0,10.0,0.05,85.0
-70.0,290.0,10.0,0.05,85.0
-50.0,290.0,10.0,0.05,85.0
-30.0,290.0,10.0,0.05,85.0
-10.0,290.0,10.0,0.05,85.0
10.0,290.0,10.0,0.05,85.0
30.0,290.0,10.0,0.05,85.0
50.0,290.0,10.0,0.05,85.0
70.0,290.0,10.0,0.05,85.0
90.0,290.0,10.0,0.05,85.0
110.0,290.0,10.0,0.05,85.0
130.0,290.0,10.0,0.05,85.0
150.0,290.0,10.0,0.05,85.0
170.0,290.0,10.0,0.05,85.0
190.0,290.0,10.0,0.05,85.0
210.0,290.0,10.0,0.05,85.0
230.0,290.0,10.0,0.05,85.0
250.0,290.0,10.0,0.05,85.0
270.0,290.0,10.0,0.05,85.0
290.0,290.0,10.0,0.05,85.0
310.0,290.0,10.0,0.05,85.0
330.0,290.0,10.0,0.05,85.0
350.0,290.0,10.0,0.05,85.0
370.0,290.0,10.0,0.05,85.0
390.0,290.0,10.0,0.05,85.0
410.0,290.0,10.0,0.05,85.0
430.0,290.0,10.0,0.05,85.0
450.0,290.0,10.0,0.05,85.0
470.0,290.0,10.0,0.05,85.0
490.0,290.0,10.0,0.05,85.0
-490.0,310.0,10.0,0.05,85.0
-470.0,310.0,10.0,0.05,85.0
-450.0,310.0,10.0,0.05,85.0
-430.0,310.0,10.0,0.05,85.0
-410.0,310.0,10.0,0.05,85.0
-390.0,310.0,10.0,0.05,85.0
-370.0,310.0,10.0,0.05,85.0
-350.0,310.0,10.0,0.05,85.0
-330.0,310.0,10.0,0.05,85.0
-310.0,310.0,10.0,0.05,85.0
-290.0,310.0,10.0,0.05,85.0
-270.0,310.0,10.0,0.05,85.0
-250.0,310.0,10.0,0.05,85.0
-230.0,310.0,10.0,0.05,85.0
-210.0,310.0,10.0,0.05,85.0
-190.0,310.0,10.0,0.05,85.0
-170.0,310.0,10.0,0.05,85.0
-150.0,310.0,10.0,0.05,85.0
-130.0,310.0,10.0,0.05,85.0
-110.0,310.0,10.0,0.05,85.0
-90.0,310.0,10.0,0.05,85.0
-70.0,310.0,10.0,0.05,85.0
-50.0,310.0,10.0,0.05,85.0
-30.0,310.0,10.0,0.05,85.0
-10.0,310.0,10.0,0.05,85.0
10.0,310.0,10.0,0.05,85.0
30.0,310.0,10.0,0.05,85.0
50.0,310.0,10.0,0.05,85.0
70.0,310.0,10.0,0.05,85.0
90.0,310.0,10.0,0.05,85.0
110.0,310.0,10.0,0.05,85.0
130.0,310.0,10.0,0.05,85.0
150.0,310.0,10.0,0.05,85.0
170.0,310.0,10.0,0.05,85.0
190.0,310.0,10.0,0.05,85.0
210.0,310.0,10.0,0.05,85.0
230.0,310.0,10.0,0.05,85.0
250.0,310.0,10.0,0.05,85.0
270.0,310.0,10.0,0.05,85.0
290.0,310.0,10.0,0.05,85.0
310.0,310.0,10.0,0.05,85.0
330.0,310.0,10.0,0.05,85.0
350.0,310.0,10.0,0.05,85.0
370.0,310.0,10.0,0.05,85.0
390.0,310.0,10.0,0.05,85.0
410.0,310.0,10.0,0.05,85.0
430.0,310.0,10.0,0.05,85.0
450.0,310.0,10.0,0.05,85.0
470.0,310.0,10.0,0.05,85.0
490.0,310.0,10.0,0.05,85.0
-490.0,330.0,10.0,0.05,85.0
-470.0,330.0,10.0,0.05,85.0
-450.0,330.0,10.0,0.05,85.0
-430.0,330.0,10.0,0.05,85.0
-410.0,330.0,10.0,0.05,85.0
-390.0,330.0,10.0,0.05,85.0
-370.0,330.0,10.0,0.05,85.0
-350.0,330.0,10.0,0.05,85.0
-330.0,330.0,10.0,0.05,85.0
-310.0,330.0,10.0,0.05,85.0
-290.0,330.0,10.0,0.05,85.0
-270.0,330.0,10.0,0.05,85.0
-250.0,330.0,10.0,0.05,85.0
-230.0,330.0,10.0,0.05,85.0
-210.0,330.0,10.0,0.05,85.0
-190.0,330.0,10.0,0.05,85.0
-170.0,330.0,10.0,0.05,85.0
-150.0,330.0,10.0,0.05,85.0
-130.0,330.0,10.0,0.05,85.0
-110.0,330.0,10.0,0.05,85.0
-90.0,330.0,10.0,0.05,85.0
-70.0,330.0,10.0,0.05,85.0
-50.0,330.0,10.0,0.05,85.0
-30.0,330.0,10.0,0.05,85.0
-10.0,330.0,10.0,0.05,85.0
10.0,330.0,10.0,0.05,85.0
30.0,330.0,10.0,0.05,85.0
50.0,330.0,10.0,0.05,85.0
70.0,330.0,10.0,0.05,85.0
90.0,330.0,10.0,0.05,85.0
110.0,330.0,10.0,0.05,85.0
130.0,330.0,10.0,0.05,85.0
150.0,330.0,10.0,0.05,85.0
170.0,330.0,10.0,0.05,85.0
190.0,330.0,10.0,0.05,85.0
210.0,330.0,10.0,0.05,85.0
230.0,330.0,10.0,0.05,85.0
250.0,330.0,10.0,0.05,85.0
270.0,330.0,10.0,0.05,85.0
290.0,330.0,10.0,0.05,85.0
310.0,330.0,10.0,0.05,85.0
330.0,330.0,10.0,0.05,85.0
350.0,330.0,10.0,0.05,85.0
370.0,330.0,10.0,0.05,85.0
390.0,330.0,10.0,0.05,85.0
410.0,330.0,10.0,0.05,85.0
430.0,330.0,10.0,0.05,85.0
450.0,330.0,10.0,0.05,85.0
470.0,330.0,10.0,0.05,85.0
490.0,330.0,10.0,0.05,85.0
-490.0,350.0,10.0,0.05,85.0
-470.0,350.0,10.0,0.05,85.0
-450.0,350.0,10.0,0.05,85.0
-430.0,350.0,10.0,0.05,85.0
-410.0,350.0,10.0,0.05,85.0
-390.0,350.0,10.0,0.05,85.0
-370.0,350.0,10.0,0.05,85.0
-350.0,350.0,10.0,0.05,85.0
-330.0,350.0,10.0,0.05,85.0
-310.0,350.0,10.0,0.05,85.0
-290.0,350.0,10.0,0.05,85.0
-270.0,350.0,10.0,0.05,85.0
-250.0,350.0,10.0,0.05,85.0
-230.0,350.0,10.0,0.05,85.0
-210.0,350.0,10.0,0.05,85.0
-190.0,350.0,10.0,0.05,85.0
-170.0,350.0,10.0,0.05,85.0
-150.0,350.0,10.0,0.05,85.0
-130.0,350.0,10.0,0.05,85.0
-110.0,350.0,10.0,0.05,85.0
-90.0,350.0,10.0,0.05,85.0
-70.0,350.0,10.0,0.05,85.0
-50.0,350.0,10.0,0.05,85.0
-30.0,350.0,10.0,0.05,85.0
-10.0,350.0,10.0,0.05,85.0
10.0,350.0,10.0,0.05,85.0
30.0,350.0,10.0,0.05,85.0
50.0,350.0,10.0,0.05,85.0
70.0,350.0,10.0,0.05,85.0
90.0,350.0,10.0,0.05,85.0
110.0,350.0,10.0,0.05,85.0
130.0,350.0,10.0,0.05,85.0
150.0,350.0,10.0,0.05,85.0
170.0,350.0,10.0,0.05,85.0
190.0,350.0,10.0,0.05,85.0
210.0,350.0,10.0,0.05,85.0
230.0,350.0,10.0,0.05,85.0
250.0,350.0,10.0,0.05,85.0
270.0,350.0,10.0,0.05,85.0
290.0,350.0,10.0,0.05,85.0
310.0,350.0,10.0,0.05,85.0
330.0,350.0,10.0,0.05,85.0
350.0,350.0,10.0,0.05,85.0
370.0,350.0,10.0,0.05,85.0
390.0,350.0,10.0,0.05,85.0
410.0,350.0,10.0,0.05,85.0
430.0,350.0,10.0,0.05,85.0
450.0,350.0,10.0,0.05,85.0
470.0,350.0,10.0,0.05,85.0
490.0,350.0,10.0,0.05,85.0
-490.0,370.0,10.0,0.05,85.0
-470.0,370.0,10.0,0.05,85.0
-450.0,370.0,10.0,0.05,85.0
-430.0,370.0,10.0,0.05,85.0
-410.0,370.0,10.0,0.05,85.0
-390.0,370.0,10.0,0.05,85.0
-370.0,370.0,10.0,0.05,85.0
-350.0,370.0,10.0,0.05,85.0
-330.0,370.0,10.0,0.05,85.0
-310.0,370.0,10.0,0.05,85.0
-290.0,370.0,10.0,0.05,85.0
-270.0,370.0,10.0,0.05,85.0
-250.0,370.0,10.0,0.05,85.0
-230.0,370.0,10.0,0.05,85.0
-210.0,370.0,10.0,0.05,85.0
-190.0,370.0,10.0,0.05,85.0
-170.0,370.0,10.0,0.05,85.0
-150.0,370.0,10.0,0.05,85.0
-130.0,370.0,10.0,0.05,85.0
-110.0,370.0,10.0,0.05,85.0
-90.0,370.0,10.0,0.05,85.0
-70.0,370.0,10.0,0.05,85.0
-50.0,370.0,10.0,0.05,85.0
-30.0,370.0,10.0,0.05,85.0
-10.0,370.0,10.0,0.05,85.0
10.0,370.0,10.0,0.05,85.0
30.0,370.0,10.0,0.05,85.0
50.0,370.0,10.0,0.05,85.0
70.0,370.0,10.0,0.05,85.0
90.0,370.0,10.0,0.05,85.0
110.0,370.0,10.0,0.05,85.0
130.0,370.0,10.0,0.05,85.0
150.0,370.0,10.0,0.05,85.0
170.0,370.0,10.0,0.05,85.0
190.0,370.0,10.0,0.05,85.0
210.0,370.0,10.0,0.05,85.0
230.0,370.0,10.0,0.05,85.0
250.0,370.0,10.0,0.05,85.0
270.0,370.0,10.0,0.05,85.0
290.0,370.0,10.0,0.05,85.0
310.0,370.0,10.0,0.05,85.0
330.0,370.0,10.0,0.05,85.0
350.0,370.0,10.0,0.05,85.0
370.0,370.0,10.0,0.05,85.0
390.0,370.0,10.0,0.05,85.0
410.0,370.0,10.0,0.05,85.0
430.0,370.0,10.0,0.05,85.0
450.0,370.0,10.0,0.05,85.0
470.0,370.0,10.0,0.05,85.0
490.0,370.0,10.0,0.05,85.0
-490.0,390.0,10.0,0.05,85.0
-470.0,390.0,10.0,0.05,85.0
-450.0,390.0,10.0,0.05,85.0
-430.0,390.0,10.0,0.05,85.0
-410.0,390.0,10.0,0.05,85.0
-390.0,390.0,10.0,0.05,85.0
-370.0,390.0,10.0,0.05,85.0
-350.0,390.0,10.0,0.05,85.0
-330.0,390.0,10.0,0.05,85.0
-310.0,390.0,10.0,0.05,85.0
-290.0,390.0,10.0,0.05,85.0
-270.0,390.0,10.0,0.05,85.0
-250.0,390.0,10.0,0.05,85.0
-230.0,390.0,10.0,0.05,85.0
-210.0,390.0,10.0,0.05,85.0
-190.0,390.0,10.0,0.05,85.0
-170.0,390.0,10.0,0.05,85.0
-150.0,390.0,10.0,0.05,85.0
-130.0,390.0,10.0,0.05,85.0
-110.0,390.0,10.0,0.05,85.0
-90.0,390.0,10.0,0.05,85.0
-70.0,390.0,10.0,0.05,85.0
-50.0,390.0,10.0,0.05,85.0
-30.0,390.0,10.0,0.05,85.0
-10.0,390.0,10.0,0.05,85.0
10.0,390.0,10.0,0.05,85.0
30.0,390.0,10.0,0.05,85.0
50.0,390.0,10.0,0.05,85.0
70.0,390.0,10.0,0.05,85.0
90.0,390.0,10.0,0.05,85.0
110.0,390.0,10.0,0.05,85.0
130.0,390.0,10.0,0.05,85.0
150.0,390.0,10.0,0.05,85.0
170.0,390.0,10.0,0.05,85.0
190.0,390.0,10.0,0.05,85.0
210.0,390.0,10.0,0.05,85.0
230.0,390.0,10.0,0.05,85.0
250.0,390.0,10.0,0.05,85.0
270.0,390.0,10.0,0.05,85.0
290.0,390.0,10.0,0.05,85.0
310.0,390.0,10.0,0.05,85.0
330.0,390.0,10.0,0.05,85.0
350.0,390.0,10.0,0.05,85.0
370.0,390.0,10.0,0.05,85.0
390.0,390.0,10.0,0.05,85.0
410.0,390.0,10.0,0.05,85.0
430.0,390.0,10.0,0.05,85.0
450.0,390.0,10.0,0.05,85.0
470.0,390.0,10.0,0.05,85.0
490.0,390.0,10.0,0.05,85.0
-490.0,410.0,10.0,0.05,85.0
-470.0,410.0,10.0,0.05,85.0
-450.0,410.0,10.0,0.05,85.0
-430.0,410.0,10.0,0.05,85.0
-410.0,410.0,10.0,0.05,85.0
-390.0,410.0,10.0,0.05,85.0
-370.0,410.0,10.0,0.05,85.0
-350.0,410.0,10.0,0.05,85.0
-330.0,410.0,10.0,0.05,85.0
-310.0,410.0,10.0,0.05,85.0
-290.0,410.0,10.0,0.05,85.0
-270.0,410.0,10.0,0.05,85.0
-250.0,410.0,10.0,0.05,85.0
-230.0,410.0,10.0,0.05,85.0
-210.0,410.0,10.0,0.05,85.0
-190.0,410.0,10.0,0.05,85.0
-170.0,410.0,10.0,0.05,85.0
-150.0,410.0,10.0,0.05,85.0
-130.0,410.0,10.0,0.05,85.0
-110.0,410.0,10.0,0.05,85.0
-90.0,410.0,10.0,0.05,85.0
-70.0,410.0,10.0,0.05,85.0
-50.0,410.0,10.0,0.05,85.0
-30.0,410.0,10.0,0.05,85.0
-10.0,410.0,10.0,0.05,85.0
10.0,410.0,10.0,0.05,85.0
30.0,410.0,10.0,0.05,85.0
50.0,410.0,10.0,0.05,85.0
70.0,410.0,10.0,0.05,85.0
90.0,410.0,10.0,0.05,85.0
110.0,410.0,10.0,0.05,85.0
130.0,410.0,10.0,0.05,85.0
150.0,410.0,10.0,0.05,85.0
170.0,410.0,10.0,0.05,85.0
190.0,410.0,10.0,0.05,85.0
210.0,410.0,10.0,0.05,85.0
230.0,410.0,10.0,0.05,85.0
250.0,410.0,10.0,0.05,85.0
270.0,410.0,10.0,0.05,85.0
290.0,410.0,10.0,0.05,85.0
310.0,410.0,10.0,0.05,85.0
330.0,410.0,10.0,0.05,85.0
350.0,410.0,10.0,0.05,85.0
370.0,410.0,10.0,0.05,85.0
390.0,410.0,10.0,0.05,85.0
410.0,410.0,10.0,0.05,85.0
430.0,410.0,10.0,0.05,85.0
450.0,410.0,10.0,0.05,85.0
470.0,410.0,10.0,0.05,85.0
490.0,410.0,10.0,0.05,85.0
-490.0,430.0,10.0,0.05,85.0
-470.0,430.0,10.0,0.05,85.0
-450.0,430.0,10.0,0.05,85.0
-430.0,430.0,10.0,0.05,85.0
-410.0,430.0,10.0,0.05,85.0
-390.0,430.0,10.0,0.05,85.0
-370.0,430.0,10.0,0.05,85.0
-350.0,430.0,10.0,0.05,85.0
-330.0,430.0,10.0,0.05,85.0
-310.0,430.0,10.0,0.05,85.0
-290.0,430.0,10.0,0.05,85.0
-270.0,430.0,10.0,0.05,85.0
-250.0,430.0,10.0,0.05,85.0
-230.0,430.0,10.0,0.05,85.0
-210.0,430.0,10.0,0.05,85.0
-190.0,430.0,10.0,0.05,85.0
-170.0,430.0,10.0,0.05,85.0
-150.0,430.0,10.0,0.05,85.0
-130.0,430.0,10.0,0.05,85.0
-110.0,430.0,10.0,0.05,85.0
-90.0,430.0,10.0,0.05,85.0
-70.0,430.0,10.0,0.05,85.0
-50.0,430.0,10.0,0.05,85.0
-30.0,430.0,10.0,0.05,85.0
-10.0,430.0,10.0,0.05,85.0
10.0,430.0,10.0,0.05,85.0
30.0,430.0,10.0,0.05,85.0
50.0,430.0,10.0,0.05,85.0
70.0,430.0,10.0,0.05,85.0
90.0,430.0,10.0,0.05,85.0
110.0,430.0,10.0,0.05,85.0
130.0,430.0,10.0,0.05,85.0
150.0,430.0,10.0,0.05,85.0
170.0,430.0,10.0,0.05,85.0
190.0,430.0,10.0,0.05,85.0
210.0,430.0,10.0,0.05,85.0
230.0,430.0,10.0,0.05,85.0
250.0,430.0,10.0,0.05,85.0
270.0,430.0,10.0,0.05,85.0
290.0,430.0,10.0,0.05,85.0
310.0,430.0,10.0,0.05,85.0
330.0,430.0,10.0,0.05,85.0
350.0,430.0,10.0,0.05,85.0
370.0,430.0,10.0,0.05,85.0
390.0,430.0,10.0,0.05,85.0
410.0,430.0,10.0,0.05,85.0
430.0,430.0,10.0,0.05,85.0
450.0,430.0,10.0,0.05,85.0
470.0,430.0,10.0,0.05,85.0
490.0,430.0,10.0,0.05,85.0
-490.0,450.0,10.0,0.05,85.0
-470.0,450.0,10.0,0.05,85.0
-450.0,450.0,10.0,0.05,85.0
-430.0,450.0,10.0,0.05,85.0
-410.0,450.0,10.0,0.05,85.0
-390.0,450.0,10.0,0.05,85.0
-370.0,450.0,10.0,0.05,85.0
-350.0,450.0,10.0,0.05,85.0
-330.0,450.0,10.0,0.05,85.0
-310.0,450.0,10.0,0.05,85.0
-290.0,450.0,10.0,0.05,85.0
-270.0,450.0,10.0,0.05,85.0
-250.0,450.0,10.0,0.05,85.0
-230.0,450.0,10.0,0.05,85.0
-210.0,450.0,10.0,0.05,85.0
-190.0,450.0,10.0,0.05,85.0
-170.0,450.0,10.0,0.05,85.0
-150.0,450.0,10.0,0.05,85.0
-130.0,450.0,10.0,0.05,85.0
-110.0,450.0,10.0,0.05,85.0
-90.0,450.0,10.0,0.05,85.0
-70.0,450.0,10.0,0.05,85.0
-50.0,450.0,10.0,0.05,85.0
-30.0,450.0,10.0,0.05,85.0
-10.0,450.0,10.0,0.05,85.0
10.0,450.0,10.0,0.05,85.0
30.0,450.0,10.0,0.05,85.0
50.0,450.0,10.0,0.05,85.0
70.0,450.0,10.0,0.05,85.0
90.0,450.0,10.0,0.05,85.0
110.0,450.0,10.0,0.05,85.0
130.0,450.0,10.0,0.05,85.0
150.0,450.0,10.0,0.05,85.0
170.0,450.0,10.0,0.05,85.0
190.0,450.0,10.0,0.05,85.0
210.0,450.0,10.0,0.05,85.0
230.0,450.0,10.0,0.05,85.0
250.0,450.0,10.0,0.05,85.0
270.0,450.0,10.0,0.05,85.0
290.0,450.0,10.0,0.05,85.0
310.0,450.0,10.0,0.05,85.0
330.0,450.0,10.0,0.05,85.0
350.0,450.0,10.0,0.05,85.0
370.0,450.0,10.0,0.05,85.0
390.0,450.0,10.0,0.05,85.0
410.0,450.0,10.0,0.05,85.0
430.0,450.0,10.0,0.05,85.0
450.0,450.0,10.0,0.05,85.0
470.0,450.0,10.0,0.05,85.0
490.0,450.0,10.0,0.05,85.0
-490.0,470.0,10.0,0.05,85.0
-470.0,470.0,10.0,0.05,85.0
-450.0,470.0,10.0,0.05,85.0
-430.0,470.0,10.0,0.05,85.0
-410.0,470.0,10.0,0.05,85.0
-390.0,470.0,10.0,0.05,85.0
-370.0,470.0,10.0,0.05,85.0
-350.0,470.0,10.0,0.05,85.0
-330.0,470.0,10.0,0.05,85.0
-310.0,470.0,10.0,0.05,85.0
-290.0,470.0,10.0,0.05,85.0
-270.0,470.0,10.0,0.05,85.0
-250.0,470.0,10.0,0.05,85.0
-230.0,470.0,10.0,0.05,85.0
-210.0,470.0,10.0,0.05,85.0
-190.0,470.0,10.0,0.05,85.0
-170.0,470.0,10.0,0.05,85.0
-150.0,470.0,10.0,0.05,85.0
-130.0,470.0,10.0,0.05,85.0
-110.0,470.0,10.0,0.05,85.0
-90.0,470.0,10.0,0.05,85.0
-70.0,470.0,10.0,0.05,85.0
-50.0,470.0,10.0,0.05,85.0
-30.0,470.0,10.0,0.05,85.0
-10.0,470.0,10.0,0.05,85.0
10.0,470.0,10.0,0.05,85.0
30.0,470.0,10.0,0.05,85.0
50.0,470.0,10.0,0.05,85.0
70.0,470.0,10.0,0.05,85.0
90.0,470.0,10.0,0.05,85.0
110.0,470.0,10.0,0.05,85.0
130.0,470.0,10.0,0.05,85.0
150.0,470.0,10.0,0.05,85.0
170.0,470.0,10.0,0.05,85.0
190.0,470.0,10.0,0.05,85.0
210.0,470.0,10.0,0.05,85.0
230.0,470.0,10.0,0.05,85.0
250.0,470.0,10.0,0.05,85.0
270.0,470.0,10.0,0.05,85.0
290.0,470.0,10.0,0.05,85.0
310.0,470.0,10.0,0.05,85.0
330.0,470.0,10.0,0.05,85.0
350.0,470.0,10.0,0.05,85.0
370.0,470.0,10.0,0.05,85.0
390.0,470.0,10.0,0.05,85.0
410.0,470.0,10.0,0.05,85.0
430.0,470.0,10.0,0.05,85.0
450.0,470.0,10.0,0.05,85.0
470.0,470.0,10.0,0.05,85.0
490.0,470.0,10.0,0.05,85.0
-490.0,490.0,10.0,0.05,85.0
-470.0,490.0,10.0,0.05,85.0
-450.0,490.0,10.0,0.05,85.0
-430.0,490.0,10.0,0.05,85.0
-410.0,490.0,10.0,0.05,85.0
-390.0,490.0,10.0,0.05,85.0
-370.0,490.0,10.0,0.05,85.0
-350.0,490.0,10.0,0.05,85.0
-330.0,490.0,10.0,0.05,85.0
-310.0,490.0,10.0,0.05,85.0
-290.0,490.0,10.0,0.05,85.0
-270.0,490.0,10.0,0.05,85.0
-250.0,490.0,10.0,0.05,85.0
-230.0,490.0,10.0,0.05,85.0
-210.0,490.0,10.0,0.05,85.0
-190.0,490.0,10.0,0.05,85.0
-170.0,490.0,10.0,0.05,85.0
-150.0,490.0,10.0,0.05,85.0
-130.0,490.0,10.0,0.05,85.0
-110.0,490.0,10.0,0.05,85.0
-90.0,490.0,10.0,0.05,85.0
-70.0,490.0,10.0,0.05,85.0
-50.0,490.0,10.0,0.05,85.0
-30.0,490.0,10.0,0.05,85.0
-10.0,490.0,10.0,0.05,85.0
10.0,490.0,10.0,0.05,85.0
30.0,490.0,10.0,0.05,85.0
50.0,490.0,10.0,0.05,85.0
70.0,490.0,10.0,0.05,85.0
90.0,490.0,10.0,0.05,85.0
110.0,490.0,10.0,0.05,85.0
130.0,490.0,10.0,0.05,85.0
150.0,490.0,10.0,0.05,85.0
170.0,490.0,10.0,0.05,85.0
190.0,490.0,10.0,0.05,85.0
210.0,490.0,10.0,0.05,85.0
230.0,490.0,10.0,0.05,85.0
250.0,490.0,10.0,0.05,85.0
270.0,490.0,10.0,0.05,85.0
290.0,490.0,10.0,0.05,85.0
310.0,490.0,10.0,0.05,85.0
330.0,490.0,10.0,0.05,85.0
350.0,490.0,10.0,0.05,85.0
370.0,490.0,10.0,0.05,85.0
390.0,490.0,10.0,0.05,85.0
410.0,490.0,10.0,0.05,85.0
430.0,490.0,10.0,0.05,85.0
450.0,490.0,10.0,0.05,85.0
470.0,490.0,10.0,0.05,85.0
490.0,490.0,10.0,0.05,85.0
